Isolate_Id	PB2	PB1	PA	HA	NP	NA	MP	NS	genotype
EPI_ISL_1009679	b	b	b	b	c	b	b	b	bbbbcbbb
EPI_ISL_1009680	a	a	a	a	a	a	a	a	aaaaaaaa
EPI_ISL_1009681	c	c	b	b	c	b	b	b	ccbbcbbb
EPI_ISL_1009682	a	a	a	a	a	a	a	a	aaaaaaaa
EPI_ISL_1009683	a	a	a	a	a	a	a	a	aaaaaaaa
EPI_ISL_1009684	c	c	b	b	c	b	b	b	ccbbcbbb
EPI_ISL_1009685	a	a	a	a	a	a	a	a	aaaaaaaa
EPI_ISL_1009686	a	a	a	a	a	a	a	a	aaaaaaaa
EPI_ISL_1009687	a	a	a	a	a	a	a	a	aaaaaaaa
EPI_ISL_1009688	a	a	a	a	a	a	a	a	aaaaaaaa
EPI_ISL_1009689	a	a	a	a	a	a	a	a	aaaaaaaa
EPI_ISL_1009690	a	a	a	a	a	a	a	a	aaaaaaaa
EPI_ISL_1009691	a	a	a	a	a	a	a	a	aaaaaaaa
EPI_ISL_1009692	a	a	a	a	a	a	a	a	aaaaaaaa
EPI_ISL_1009693	a	a	a	a	a	a	a	a	aaaaaaaa
EPI_ISL_1009694	a	a	a	a	a	a	a	a	aaaaaaaa
EPI_ISL_1009695	b	b	b	b	b	b	b	b	bbbbbbbb
EPI_ISL_1009696	b	b	b	b	b	b	b	b	bbbbbbbb
EPI_ISL_1009697	c	c	b	b	c	b	b	b	ccbbcbbb
EPI_ISL_1009698	a	a	a	a	a	a	a	a	aaaaaaaa
EPI_ISL_1009699	c	c	b	b	c	b	b	b	ccbbcbbb
EPI_ISL_1009700	c	c	b	b	c	b	b	b	ccbbcbbb
EPI_ISL_1009701	c	c	b	b	c	b	b	b	ccbbcbbb
EPI_ISL_1009702	b	b	b	b	b	b	b	b	bbbbbbbb
EPI_ISL_1009703	c	c	b	b	c	b	b	b	ccbbcbbb
EPI_ISL_1009704	c	c	b	b	c	b	b	b	ccbbcbbb
EPI_ISL_1009705	b	b	b	b	b	b	b	b	bbbbbbbb
EPI_ISL_1009706	d	c	c	b	c	b	b	c	dccbcbbc
EPI_ISL_1009707	a	a	a	a	a	a	a	a	aaaaaaaa
EPI_ISL_1009708	a	a	a	a	a	a	a	a	aaaaaaaa
EPI_ISL_1009709	a	a	a	a	a	a	a	a	aaaaaaaa
EPI_ISL_1009710	a	a	a	a	a	a	a	a	aaaaaaaa
EPI_ISL_1009711	a	a	a	a	a	a	a	a	aaaaaaaa
EPI_ISL_1033028	a	a	a	a	a	a	a	a	aaaaaaaa
EPI_ISL_1033029	a	a	a	a	a	a	a	a	aaaaaaaa
EPI_ISL_1033030	a	a	a	a	a	a	a	a	aaaaaaaa
EPI_ISL_1033124	a	a	a	a	a	a	a	a	aaaaaaaa
EPI_ISL_1038924	a	a	a	a	a	a	a	a	aaaaaaaa
EPI_ISL_1039231	a	a	a	a	a	a	a	a	aaaaaaaa
EPI_ISL_1039232	a	a	a	a	a	a	a	a	aaaaaaaa
EPI_ISL_1039234	a	a	a	a	a	a	a	a	aaaaaaaa
EPI_ISL_1039235	a	a	a	a	a	a	a	a	aaaaaaaa
EPI_ISL_1039236	a	a	a	a	a	a	a	a	aaaaaaaa
EPI_ISL_1039238	a	a	a	a	a	a	a	a	aaaaaaaa
EPI_ISL_1039239	a	a	a	a	a	a	a	a	aaaaaaaa
EPI_ISL_1039240	a	a	a	a	a	a	a	a	aaaaaaaa
EPI_ISL_1041108	a	a	a	a	a	a	a	a	aaaaaaaa
EPI_ISL_1041120	a	a	a	a	a	a	a	a	aaaaaaaa
EPI_ISL_1041121	a	a	a	a	a	a	a	a	aaaaaaaa
EPI_ISL_1041124	a	a	a	a	a	a	a	a	aaaaaaaa
EPI_ISL_1041125	a	a	a	a	a	a	a	a	aaaaaaaa
EPI_ISL_1041126	a	a	a	a	a	a	a	a	aaaaaaaa
EPI_ISL_1041127	a	a	a	a	a	a	a	a	aaaaaaaa
EPI_ISL_1041128	a	a	a	a	a	a	a	a	aaaaaaaa
EPI_ISL_1041129	a	a	a	a	a	a	a	a	aaaaaaaa
EPI_ISL_1041130	a	a	a	a	a	a	a	a	aaaaaaaa
EPI_ISL_1041131	a	a	a	a	a	a	a	a	aaaaaaaa
EPI_ISL_1041132	a	a	a	a	a	a	a	a	aaaaaaaa
EPI_ISL_1041133	a	a	a	a	a	a	a	a	aaaaaaaa
EPI_ISL_1041134	a	a	a	a	a	a	a	a	aaaaaaaa
EPI_ISL_1041135	a	a	a	a	a	a	a	a	aaaaaaaa
EPI_ISL_1041136	a	a	a	a	a	a	a	a	aaaaaaaa
EPI_ISL_1041137	a	a	a	a	a	a	a	a	aaaaaaaa
EPI_ISL_1041138	a	a	a	a	a	a	a	a	aaaaaaaa
EPI_ISL_1041139	a	a	a	a	a	a	a	a	aaaaaaaa
EPI_ISL_1041140	a	a	a	a	a	a	a	a	aaaaaaaa
EPI_ISL_1041141	a	a	a	a	a	a	a	a	aaaaaaaa
EPI_ISL_1041142	a	a	a	a	a	a	a	a	aaaaaaaa
EPI_ISL_1041143	a	a	a	a	a	a	a	a	aaaaaaaa
EPI_ISL_1041144	a	a	a	a	a	a	a	a	aaaaaaaa
EPI_ISL_1041145	a	a	a	a	a	a	a	a	aaaaaaaa
EPI_ISL_1041146	a	a	a	a	a	a	a	a	aaaaaaaa
EPI_ISL_1041147	a	a	a	a	a	a	a	a	aaaaaaaa
EPI_ISL_1041148	a	a	a	a	a	a	a	a	aaaaaaaa
EPI_ISL_1041149	a	a	a	a	a	a	a	a	aaaaaaaa
EPI_ISL_1041150	a	a	a	a	a	a	a	a	aaaaaaaa
EPI_ISL_1041151	a	a	a	a	a	a	a	a	aaaaaaaa
EPI_ISL_1041152	a	a	a	a	a	a	a	a	aaaaaaaa
EPI_ISL_1041153	a	a	a	a	a	a	a	a	aaaaaaaa
EPI_ISL_1041154	a	a	a	a	a	a	a	a	aaaaaaaa
EPI_ISL_1041155	a	a	a	a	a	a	a	a	aaaaaaaa
EPI_ISL_1041158	a	a	a	a	a	a	a	a	aaaaaaaa
EPI_ISL_1041159	a	a	a	a	a	a	a	a	aaaaaaaa
EPI_ISL_1041160	a	a	a	a	a	a	a	a	aaaaaaaa
EPI_ISL_1041161	a	a	a	a	a	a	a	a	aaaaaaaa
EPI_ISL_1041165	a	a	a	a	a	a	a	a	aaaaaaaa
EPI_ISL_1041166	a	a	a	a	a	a	a	a	aaaaaaaa
EPI_ISL_1041167	a	a	a	a	a	a	a	a	aaaaaaaa
EPI_ISL_1041168	a	a	a	a	a	a	a	a	aaaaaaaa
EPI_ISL_1041169	a	a	a	a	a	a	a	a	aaaaaaaa
EPI_ISL_1041170	a	a	a	a	a	a	a	a	aaaaaaaa
EPI_ISL_1041171	a	a	a	a	a	a	a	a	aaaaaaaa
EPI_ISL_1041172	d	b	c	b	c	b	b	b	dbcbcbbb
EPI_ISL_1041173	d	b	c	b	c	b	b	b	dbcbcbbb
EPI_ISL_1041176	b	b	b	b	c	b	b	b	bbbbcbbb
EPI_ISL_1041177	b	b	b	b	c	b	b	b	bbbbcbbb
EPI_ISL_1041178	b	b	b	b	c	b	b	b	bbbbcbbb
EPI_ISL_1041180	b	b	b	b	c	b	b	b	bbbbcbbb
EPI_ISL_1046889	a	a	a	a	a	f	a	a	aaaaafaa
EPI_ISL_1048238	a	a	a	a	a	a	a	a	aaaaaaaa
EPI_ISL_1057106	a	a	a	a	a	a	a	a	aaaaaaaa
EPI_ISL_1058019	a	a	a	a	a	a	a	a	aaaaaaaa
EPI_ISL_1058020	a	a	a	a	a	a	a	a	aaaaaaaa
EPI_ISL_1058021	a	a	a	a	a	a	a	a	aaaaaaaa
EPI_ISL_1058022	a	a	a	a	a	a	a	a	aaaaaaaa
EPI_ISL_1063533	c	c	b	b	c	b	b	b	ccbbcbbb
EPI_ISL_1080480	a	a	a	a	a	a	a	a	aaaaaaaa
EPI_ISL_1080579	a	a	a	a	a	a	a	a	aaaaaaaa
EPI_ISL_1081353	a	a	a	a	a	a	a	a	aaaaaaaa
EPI_ISL_1093422	a	a	a	a	a	a	a	a	aaaaaaaa
EPI_ISL_1093423	a	b	d	a	a	a	a	a	abdaaaaa
EPI_ISL_1093425	a	a	a	a	a	a	a	a	aaaaaaaa
EPI_ISL_1093426	a	a	a	a	a	a	a	a	aaaaaaaa
EPI_ISL_1095363	a	a	a	a	a	a	a	a	aaaaaaaa
EPI_ISL_1095365	a	a	a	a	a	a	a	a	aaaaaaaa
EPI_ISL_1095450	a	a	a	a	a	a	a	a	aaaaaaaa
EPI_ISL_1095451	a	a	a	a	a	a	a	a	aaaaaaaa
EPI_ISL_1095453	a	a	a	a	a	a	a	a	aaaaaaaa
EPI_ISL_1095454	a	a	a	a	a	a	a	a	aaaaaaaa
EPI_ISL_1098830	a	a	a	a	a	a	a	a	aaaaaaaa
EPI_ISL_1114725	a	a	a	a	a	a	a	a	aaaaaaaa
EPI_ISL_1114735	a	a	a	a	a	a	a	a	aaaaaaaa
EPI_ISL_1114736	a	a	a	a	a	a	a	a	aaaaaaaa
EPI_ISL_1114737	a	a	a	a	a	a	a	a	aaaaaaaa
EPI_ISL_1114738	a	a	a	a	a	a	a	a	aaaaaaaa
EPI_ISL_1114740	a	a	a	a	a	a	a	a	aaaaaaaa
EPI_ISL_1114741	a	a	a	a	a	a	a	a	aaaaaaaa
EPI_ISL_1114742	a	a	a	a	a	a	a	a	aaaaaaaa
EPI_ISL_1114745	a	a	a	a	a	a	a	a	aaaaaaaa
EPI_ISL_1114746	a	a	a	a	a	a	a	a	aaaaaaaa
EPI_ISL_1114747	a	a	a	a	a	a	a	a	aaaaaaaa
EPI_ISL_1114748	a	a	a	a	a	a	a	a	aaaaaaaa
EPI_ISL_1114749	a	a	a	a	a	a	a	a	aaaaaaaa
EPI_ISL_1114750	a	a	a	a	a	a	a	a	aaaaaaaa
EPI_ISL_1114751	a	a	a	a	a	a	a	a	aaaaaaaa
EPI_ISL_1114752	a	a	a	a	a	a	a	a	aaaaaaaa
EPI_ISL_1114753	a	a	a	a	a	a	a	a	aaaaaaaa
EPI_ISL_1114754	a	a	a	a	a	a	a	a	aaaaaaaa
EPI_ISL_1114755	a	a	a	a	a	a	a	a	aaaaaaaa
EPI_ISL_1114756	a	a	a	a	a	a	a	a	aaaaaaaa
EPI_ISL_1114757	a	a	a	a	a	a	a	a	aaaaaaaa
EPI_ISL_1114758	a	a	a	a	a	a	a	a	aaaaaaaa
EPI_ISL_1114759	a	a	a	a	a	a	a	a	aaaaaaaa
EPI_ISL_1114760	a	a	a	a	a	a	a	a	aaaaaaaa
EPI_ISL_1114761	a	a	a	a	a	a	a	a	aaaaaaaa
EPI_ISL_1114762	a	a	a	a	a	a	a	a	aaaaaaaa
EPI_ISL_1114763	a	a	a	a	a	a	a	a	aaaaaaaa
EPI_ISL_1123263	a	a	a	a	a	a	a	a	aaaaaaaa
EPI_ISL_1123350	a	a	a	a	a	a	a	a	aaaaaaaa
EPI_ISL_1123351	a	a	a	a	a	a	a	a	aaaaaaaa
EPI_ISL_1123352	a	a	a	a	a	a	a	a	aaaaaaaa
EPI_ISL_1123353	a	a	a	a	a	a	a	a	aaaaaaaa
EPI_ISL_1123355	a	a	a	a	a	a	a	a	aaaaaaaa
EPI_ISL_1123357	a	a	a	a	a	a	a	a	aaaaaaaa
EPI_ISL_1123359	a	a	a	a	a	a	a	a	aaaaaaaa
EPI_ISL_1123360	a	a	a	a	a	a	a	a	aaaaaaaa
EPI_ISL_1139014	a	a	a	a	a	a	a	a	aaaaaaaa
EPI_ISL_1139015	a	a	a	a	a	a	a	a	aaaaaaaa
EPI_ISL_1139016	a	a	a	a	a	a	a	a	aaaaaaaa
EPI_ISL_1139017	a	a	a	a	a	a	a	a	aaaaaaaa
EPI_ISL_1139018	a	a	a	a	a	a	a	a	aaaaaaaa
EPI_ISL_1139019	a	a	a	a	a	a	a	a	aaaaaaaa
EPI_ISL_1139020	a	a	a	a	a	a	a	a	aaaaaaaa
EPI_ISL_1139021	a	a	a	a	a	a	a	a	aaaaaaaa
EPI_ISL_1139022	a	a	a	a	a	a	a	a	aaaaaaaa
EPI_ISL_1139023	a	a	a	a	a	a	a	a	aaaaaaaa
EPI_ISL_1139024	a	a	a	a	a	a	a	a	aaaaaaaa
EPI_ISL_1139025	a	a	a	a	a	a	a	a	aaaaaaaa
EPI_ISL_1139026	a	a	a	a	a	a	a	a	aaaaaaaa
EPI_ISL_1139027	a	a	a	a	a	a	a	a	aaaaaaaa
EPI_ISL_1139028	a	a	a	a	a	a	a	a	aaaaaaaa
EPI_ISL_1139029	a	a	a	a	a	a	a	a	aaaaaaaa
EPI_ISL_1139030	a	a	a	a	a	a	a	a	aaaaaaaa
EPI_ISL_1139031	a	a	a	a	a	a	a	a	aaaaaaaa
EPI_ISL_1139032	a	a	a	a	a	a	a	a	aaaaaaaa
EPI_ISL_1139033	a	a	a	a	a	a	a	a	aaaaaaaa
EPI_ISL_1139034	a	a	a	a	a	a	a	a	aaaaaaaa
EPI_ISL_1139035	a	a	a	a	a	a	a	a	aaaaaaaa
EPI_ISL_1139036	a	a	a	a	a	a	a	a	aaaaaaaa
EPI_ISL_1139037	a	a	a	a	a	a	a	a	aaaaaaaa
EPI_ISL_1139038	a	a	a	a	a	a	a	a	aaaaaaaa
EPI_ISL_1139039	a	a	a	a	a	a	a	a	aaaaaaaa
EPI_ISL_1139040	a	a	a	a	a	a	a	a	aaaaaaaa
EPI_ISL_1139041	a	a	a	a	a	a	a	a	aaaaaaaa
EPI_ISL_1139042	a	a	a	a	a	a	a	a	aaaaaaaa
EPI_ISL_1139043	a	a	a	a	a	a	a	a	aaaaaaaa
EPI_ISL_1139044	a	a	a	a	a	a	a	a	aaaaaaaa
EPI_ISL_1139045	a	a	a	a	a	a	a	a	aaaaaaaa
EPI_ISL_1139046	a	a	a	a	a	a	a	a	aaaaaaaa
EPI_ISL_1139047	a	a	a	a	a	a	a	a	aaaaaaaa
EPI_ISL_1139048	a	a	a	a	a	a	a	a	aaaaaaaa
EPI_ISL_1139049	a	a	a	a	a	a	a	a	aaaaaaaa
EPI_ISL_1139050	a	a	a	a	a	a	a	a	aaaaaaaa
EPI_ISL_1139051	a	a	a	a	a	a	a	a	aaaaaaaa
EPI_ISL_1139076	a	a	a	a	a	a	a	a	aaaaaaaa
EPI_ISL_1139078	a	a	a	a	a	a	a	a	aaaaaaaa
EPI_ISL_1139079	a	a	a	a	a	a	a	a	aaaaaaaa
EPI_ISL_1139080	a	a	a	a	a	a	a	a	aaaaaaaa
EPI_ISL_1139081	a	a	a	a	a	a	a	a	aaaaaaaa
EPI_ISL_1139082	a	a	a	a	a	a	a	a	aaaaaaaa
EPI_ISL_1139083	a	a	a	a	a	a	a	a	aaaaaaaa
EPI_ISL_1139084	a	a	a	a	a	a	a	a	aaaaaaaa
EPI_ISL_1139085	a	a	a	a	a	a	a	a	aaaaaaaa
EPI_ISL_1139086	a	a	a	a	a	a	a	a	aaaaaaaa
EPI_ISL_1139087	a	a	a	a	a	a	a	a	aaaaaaaa
EPI_ISL_1139088	a	a	a	a	a	a	a	a	aaaaaaaa
EPI_ISL_1139089	a	a	a	a	a	a	a	a	aaaaaaaa
EPI_ISL_1139090	a	a	a	a	a	a	a	a	aaaaaaaa
EPI_ISL_1139091	a	a	a	a	a	a	a	a	aaaaaaaa
EPI_ISL_1139092	a	a	a	a	a	a	a	a	aaaaaaaa
EPI_ISL_1139093	a	a	a	a	a	a	a	a	aaaaaaaa
EPI_ISL_1139094	a	a	a	a	a	a	a	a	aaaaaaaa
EPI_ISL_1139095	a	a	a	a	a	a	a	a	aaaaaaaa
EPI_ISL_1139096	a	a	a	a	a	a	a	a	aaaaaaaa
EPI_ISL_1139097	a	a	a	a	a	a	a	a	aaaaaaaa
EPI_ISL_1139098	a	a	a	a	a	a	a	a	aaaaaaaa
EPI_ISL_1139099	a	a	a	a	a	a	a	a	aaaaaaaa
EPI_ISL_1139100	a	a	a	a	a	a	a	a	aaaaaaaa
EPI_ISL_1139103	a	a	a	a	a	a	a	a	aaaaaaaa
EPI_ISL_1139104	a	a	a	a	a	a	a	a	aaaaaaaa
EPI_ISL_1139105	a	a	a	a	a	a	a	a	aaaaaaaa
EPI_ISL_1139106	a	a	a	a	a	a	a	a	aaaaaaaa
EPI_ISL_1139107	a	a	a	a	a	a	a	a	aaaaaaaa
EPI_ISL_1139108	a	a	a	a	a	a	a	a	aaaaaaaa
EPI_ISL_1139109	a	a	a	a	a	a	a	a	aaaaaaaa
EPI_ISL_1139110	a	a	a	a	a	a	a	a	aaaaaaaa
EPI_ISL_1139112	a	a	a	a	a	a	a	a	aaaaaaaa
EPI_ISL_1139113	a	a	a	a	a	a	a	a	aaaaaaaa
EPI_ISL_1139159	a	a	a	a	a	a	a	a	aaaaaaaa
EPI_ISL_1139160	a	a	a	a	a	a	a	a	aaaaaaaa
EPI_ISL_1139161	a	a	a	a	a	a	a	a	aaaaaaaa
EPI_ISL_1139162	a	a	a	a	a	a	a	a	aaaaaaaa
EPI_ISL_1139163	a	a	a	a	a	a	a	a	aaaaaaaa
EPI_ISL_1139164	a	a	a	a	a	a	a	a	aaaaaaaa
EPI_ISL_1139165	a	a	a	a	a	a	a	a	aaaaaaaa
EPI_ISL_1139166	a	a	a	a	a	a	a	a	aaaaaaaa
EPI_ISL_1139167	a	a	a	a	a	a	a	a	aaaaaaaa
EPI_ISL_1139168	a	a	a	a	a	a	a	a	aaaaaaaa
EPI_ISL_1139169	a	a	a	a	a	a	a	a	aaaaaaaa
EPI_ISL_1139170	a	a	a	a	a	a	a	a	aaaaaaaa
EPI_ISL_1139171	a	a	a	a	a	a	a	a	aaaaaaaa
EPI_ISL_1139172	a	a	a	a	a	a	a	a	aaaaaaaa
EPI_ISL_1139173	a	a	a	a	a	a	a	a	aaaaaaaa
EPI_ISL_11504587	a	a	a	a	a	a	a	e	aaaaaaae
EPI_ISL_1180234	a	a	a	a	a	a	a	a	aaaaaaaa
EPI_ISL_1184508	d	b	c	b	c	b	b	b	dbcbcbbb
EPI_ISL_1184509	d	b	c	b	c	b	b	b	dbcbcbbb
EPI_ISL_1184510	d	b	c	b	c	b	b	b	dbcbcbbb
EPI_ISL_1184511	d	b	c	b	c	b	b	b	dbcbcbbb
EPI_ISL_1184517	c	c	b	b	c	b	b	b	ccbbcbbb
EPI_ISL_1184518	c	c	b	b	c	b	b	b	ccbbcbbb
EPI_ISL_1185026	a	a	a	a	a	a	a	a	aaaaaaaa
EPI_ISL_1191587	a	a	a	a	a	a	a	a	aaaaaaaa
EPI_ISL_12176838	a	a	a	a	a	a	a	a	aaaaaaaa
EPI_ISL_12176839	a	a	a	a	a	a	a	a	aaaaaaaa
EPI_ISL_12176840	a	a	a	a	a	a	a	a	aaaaaaaa
EPI_ISL_12176841	a	a	a	a	a	a	a	a	aaaaaaaa
EPI_ISL_12176843	a	a	a	a	a	a	a	a	aaaaaaaa
EPI_ISL_12176844	a	a	a	a	a	a	a	a	aaaaaaaa
EPI_ISL_12176845	a	a	a	a	a	a	a	a	aaaaaaaa
EPI_ISL_12176846	a	a	a	a	a	a	a	a	aaaaaaaa
EPI_ISL_12176847	a	a	a	a	a	a	a	a	aaaaaaaa
EPI_ISL_12176848	a	a	a	a	a	a	a	a	aaaaaaaa
EPI_ISL_12176850	a	a	a	a	a	a	a	a	aaaaaaaa
EPI_ISL_12176851	a	a	a	a	a	a	a	a	aaaaaaaa
EPI_ISL_12176852	a	a	a	a	a	a	a	a	aaaaaaaa
EPI_ISL_12176853	a	a	a	a	a	a	a	a	aaaaaaaa
EPI_ISL_12176854	a	a	a	a	a	a	a	a	aaaaaaaa
EPI_ISL_12176855	a	a	a	a	a	a	a	a	aaaaaaaa
EPI_ISL_12176931	a	a	a	a	a	a	a	a	aaaaaaaa
EPI_ISL_12176932	a	a	a	a	a	a	a	a	aaaaaaaa
EPI_ISL_1220094	a	a	a	a	a	a	a	a	aaaaaaaa
EPI_ISL_1224942	a	a	a	a	a	a	a	a	aaaaaaaa
EPI_ISL_1224949	a	a	a	a	a	a	a	a	aaaaaaaa
EPI_ISL_1235689	a	b	d	a	a	a	a	a	abdaaaaa
EPI_ISL_1236901	a	b	d	a	a	a	a	a	abdaaaaa
EPI_ISL_1238902	a	a	a	a	a	a	a	a	aaaaaaaa
EPI_ISL_1239109	a	a	f	a	a	e	a	a	aafaaeaa
EPI_ISL_1239110	a	a	a	a	a	a	a	a	aaaaaaaa
EPI_ISL_1240677	a	a	a	a	a	a	a	a	aaaaaaaa
EPI_ISL_1240717	a	a	a	a	a	a	a	a	aaaaaaaa
EPI_ISL_1240718	a	a	a	a	a	a	a	a	aaaaaaaa
EPI_ISL_1240997	b	b	b	b	c	b	b	b	bbbbcbbb
EPI_ISL_1240998	a	a	e	a	a	a	a	a	aaeaaaaa
EPI_ISL_1241004	b	b	b	b	c	b	b	b	bbbbcbbb
EPI_ISL_12436968	a	a	a	a	a	a	a	a	aaaaaaaa
EPI_ISL_12437699	a	a	a	a	a	a	a	a	aaaaaaaa
EPI_ISL_12437700	a	a	a	a	a	a	a	a	aaaaaaaa
EPI_ISL_1273409	a	a	a	a	a	a	a	a	aaaaaaaa
EPI_ISL_1273410	c	c	b	b	c	b	b	b	ccbbcbbb
EPI_ISL_1273411	c	c	b	b	c	b	b	b	ccbbcbbb
EPI_ISL_1273412	b	b	b	b	b	b	b	b	bbbbbbbb
EPI_ISL_1273413	b	b	b	b	b	b	b	b	bbbbbbbb
EPI_ISL_1273414	b	b	b	b	c	b	b	b	bbbbcbbb
EPI_ISL_1273415	b	b	b	b	c	b	b	b	bbbbcbbb
EPI_ISL_1273416	b	b	b	b	b	b	b	b	bbbbbbbb
EPI_ISL_1273417	b	b	b	b	b	b	b	b	bbbbbbbb
EPI_ISL_1273418	b	b	b	b	b	b	b	b	bbbbbbbb
EPI_ISL_1273419	b	b	b	b	b	b	b	b	bbbbbbbb
EPI_ISL_1273420	b	b	b	b	b	b	b	b	bbbbbbbb
EPI_ISL_1273421	b	b	b	b	b	b	b	b	bbbbbbbb
EPI_ISL_1273422	b	b	b	b	b	b	b	b	bbbbbbbb
EPI_ISL_1273423	b	b	b	b	b	b	b	b	bbbbbbbb
EPI_ISL_1273424	b	b	b	b	b	b	b	b	bbbbbbbb
EPI_ISL_1273425	b	b	b	b	b	b	b	b	bbbbbbbb
EPI_ISL_1273426	b	b	b	b	b	b	b	b	bbbbbbbb
EPI_ISL_1273427	b	b	b	b	b	b	b	b	bbbbbbbb
EPI_ISL_1273428	b	b	b	b	b	b	b	b	bbbbbbbb
EPI_ISL_1273429	b	b	b	b	b	b	b	b	bbbbbbbb
EPI_ISL_1273430	b	b	b	b	b	b	b	b	bbbbbbbb
EPI_ISL_1273431	b	b	b	b	b	b	b	b	bbbbbbbb
EPI_ISL_1273432	b	b	b	b	b	b	b	b	bbbbbbbb
EPI_ISL_1273433	b	b	b	b	b	b	b	b	bbbbbbbb
EPI_ISL_1273434	b	b	b	b	b	b	b	b	bbbbbbbb
EPI_ISL_1273435	b	b	b	b	b	b	b	b	bbbbbbbb
EPI_ISL_1273436	b	b	b	b	b	b	b	b	bbbbbbbb
EPI_ISL_1273437	c	c	b	b	c	b	b	b	ccbbcbbb
EPI_ISL_1273438	c	c	b	b	c	b	b	b	ccbbcbbb
EPI_ISL_1273439	c	c	b	b	c	b	b	b	ccbbcbbb
EPI_ISL_1273440	c	c	b	b	c	b	b	b	ccbbcbbb
EPI_ISL_1273441	b	b	b	b	c	b	b	b	bbbbcbbb
EPI_ISL_1279262	a	a	a	a	a	a	a	a	aaaaaaaa
EPI_ISL_1295638	a	a	a	a	a	a	a	a	aaaaaaaa
EPI_ISL_1295639	a	a	a	a	a	a	a	a	aaaaaaaa
EPI_ISL_1296295	a	a	a	a	a	a	a	a	aaaaaaaa
EPI_ISL_1303550	a	a	a	a	a	a	a	a	aaaaaaaa
EPI_ISL_1303776	a	a	a	a	a	a	a	a	aaaaaaaa
EPI_ISL_1305775	a	a	a	a	a	a	a	a	aaaaaaaa
EPI_ISL_1305776	a	a	a	a	a	a	a	a	aaaaaaaa
EPI_ISL_1305780	a	a	a	a	a	a	a	a	aaaaaaaa
EPI_ISL_1307695	a	b	d	a	a	a	a	a	abdaaaaa
EPI_ISL_1307703	a	b	d	a	a	a	a	a	abdaaaaa
EPI_ISL_1307709	a	a	a	a	d	a	a	a	aaaadaaa
EPI_ISL_1307716	a	a	f	a	a	e	a	a	aafaaeaa
EPI_ISL_1307720	a	a	a	a	a	a	a	a	aaaaaaaa
EPI_ISL_13175606	a	a	a	a	a	a	a	a	aaaaaaaa
EPI_ISL_13175608	a	a	a	a	a	a	a	a	aaaaaaaa
EPI_ISL_13175667	a	a	a	a	a	a	a	a	aaaaaaaa
EPI_ISL_13632084	f	d	g	c	e	a	a	a	fdgceaaa
EPI_ISL_1386128	a	b	d	a	a	a	a	a	abdaaaaa
EPI_ISL_1386249	a	a	a	a	a	a	a	a	aaaaaaaa
EPI_ISL_1389398	a	b	d	a	a	a	a	a	abdaaaaa
EPI_ISL_1390546	a	b	d	a	a	a	a	a	abdaaaaa
EPI_ISL_1399231	a	a	a	a	a	a	a	a	aaaaaaaa
EPI_ISL_1399232	a	a	a	a	a	a	a	a	aaaaaaaa
EPI_ISL_1399233	a	a	a	a	a	a	a	a	aaaaaaaa
EPI_ISL_1399234	a	a	a	a	a	a	a	a	aaaaaaaa
EPI_ISL_1399235	a	a	a	a	a	a	a	a	aaaaaaaa
EPI_ISL_1399236	a	a	a	a	a	a	a	a	aaaaaaaa
EPI_ISL_1399237	a	a	a	a	a	a	a	a	aaaaaaaa
EPI_ISL_1399238	a	a	a	a	a	a	a	a	aaaaaaaa
EPI_ISL_1399239	a	a	a	a	a	a	a	a	aaaaaaaa
EPI_ISL_1399240	a	a	a	a	a	a	a	a	aaaaaaaa
EPI_ISL_1399241	a	a	a	a	a	a	a	a	aaaaaaaa
EPI_ISL_1399242	a	a	a	a	a	a	a	a	aaaaaaaa
EPI_ISL_1399243	a	a	a	a	a	a	a	a	aaaaaaaa
EPI_ISL_1399244	a	a	a	a	a	a	a	a	aaaaaaaa
EPI_ISL_1399245	a	a	a	a	a	a	a	a	aaaaaaaa
EPI_ISL_1420637	a	a	a	a	a	a	a	a	aaaaaaaa
EPI_ISL_14770162	a	a	a	a	a	a	a	a	aaaaaaaa
EPI_ISL_14770163	a	a	a	a	a	a	a	a	aaaaaaaa
EPI_ISL_14770164	a	a	a	a	a	a	a	a	aaaaaaaa
EPI_ISL_14770165	a	a	a	a	a	a	a	a	aaaaaaaa
EPI_ISL_14770166	c	c	b	b	c	b	b	b	ccbbcbbb
EPI_ISL_14770172	a	a	a	a	a	a	a	a	aaaaaaaa
EPI_ISL_14775517	a	a	a	a	a	a	a	a	aaaaaaaa
EPI_ISL_14819895	b	b	b	b	b	b	b	b	bbbbbbbb
EPI_ISL_14819900	a	a	a	a	a	a	a	a	aaaaaaaa
EPI_ISL_14822356	a	a	a	a	a	a	a	a	aaaaaaaa
EPI_ISL_14822357	a	a	a	a	a	a	a	a	aaaaaaaa
EPI_ISL_14822549	a	a	a	a	a	a	a	a	aaaaaaaa
EPI_ISL_14822756	a	a	a	a	a	a	a	a	aaaaaaaa
EPI_ISL_14823424	a	a	a	a	a	a	a	a	aaaaaaaa
EPI_ISL_14823425	a	a	a	a	a	a	a	a	aaaaaaaa
EPI_ISL_14823426	a	a	a	a	a	a	a	a	aaaaaaaa
EPI_ISL_14823549	a	a	a	a	a	a	a	a	aaaaaaaa
EPI_ISL_14823646	a	a	a	a	a	a	a	a	aaaaaaaa
EPI_ISL_14823672	a	a	a	a	a	a	a	a	aaaaaaaa
EPI_ISL_14823811	a	a	a	a	a	a	a	a	aaaaaaaa
EPI_ISL_14823812	a	a	a	a	a	a	a	a	aaaaaaaa
EPI_ISL_14823813	a	a	a	a	a	a	a	a	aaaaaaaa
EPI_ISL_14824026	a	a	a	a	a	a	a	a	aaaaaaaa
EPI_ISL_14824091	a	a	a	a	a	a	a	a	aaaaaaaa
EPI_ISL_14824095	a	a	a	a	a	a	a	a	aaaaaaaa
EPI_ISL_14824122	a	a	a	a	a	a	a	a	aaaaaaaa
EPI_ISL_14835960	a	a	a	a	a	a	a	a	aaaaaaaa
EPI_ISL_14835963	a	a	a	a	a	a	a	a	aaaaaaaa
EPI_ISL_14835964	a	a	a	a	a	a	a	a	aaaaaaaa
EPI_ISL_14835965	a	a	a	a	a	a	a	a	aaaaaaaa
EPI_ISL_14835968	a	a	a	a	a	a	a	a	aaaaaaaa
EPI_ISL_14835974	a	a	a	a	a	a	a	a	aaaaaaaa
EPI_ISL_14835976	a	a	a	a	a	a	a	a	aaaaaaaa
EPI_ISL_14836024	a	a	a	a	a	a	a	a	aaaaaaaa
EPI_ISL_14836025	a	a	a	a	a	a	a	a	aaaaaaaa
EPI_ISL_14836026	a	a	a	a	a	a	a	a	aaaaaaaa
EPI_ISL_14836027	a	a	a	a	a	a	a	a	aaaaaaaa
EPI_ISL_14836077	a	a	a	a	a	a	a	a	aaaaaaaa
EPI_ISL_14836078	a	a	a	a	a	a	a	a	aaaaaaaa
EPI_ISL_14836079	a	a	a	a	a	a	a	a	aaaaaaaa
EPI_ISL_14836080	a	a	a	a	a	a	a	a	aaaaaaaa
EPI_ISL_14836081	a	a	a	a	a	a	a	a	aaaaaaaa
EPI_ISL_14836082	a	a	a	a	a	a	a	a	aaaaaaaa
EPI_ISL_14836086	a	a	a	a	a	a	a	a	aaaaaaaa
EPI_ISL_14836088	a	a	a	a	a	a	a	a	aaaaaaaa
EPI_ISL_14836098	a	a	a	a	a	a	a	a	aaaaaaaa
EPI_ISL_14836101	a	a	a	a	a	a	a	a	aaaaaaaa
EPI_ISL_14836104	a	a	a	a	a	a	a	a	aaaaaaaa
EPI_ISL_14836369	a	a	a	a	a	a	a	a	aaaaaaaa
EPI_ISL_14836371	a	a	a	a	a	a	a	a	aaaaaaaa
EPI_ISL_14836374	a	a	a	a	a	a	a	a	aaaaaaaa
EPI_ISL_14836376	a	a	a	a	a	a	a	a	aaaaaaaa
EPI_ISL_14874401	f	d	g	c	e	a	a	a	fdgceaaa
EPI_ISL_14937233	j	j	l	g	l	g	c	a	jjlglgca
EPI_ISL_1575129	a	a	a	a	a	a	a	a	aaaaaaaa
EPI_ISL_1575130	a	a	a	a	a	a	a	a	aaaaaaaa
EPI_ISL_1575131	a	a	a	a	a	a	a	a	aaaaaaaa
EPI_ISL_1575132	a	a	a	a	a	a	a	a	aaaaaaaa
EPI_ISL_1575133	a	a	a	a	a	a	a	a	aaaaaaaa
EPI_ISL_1575134	a	a	a	a	a	a	a	a	aaaaaaaa
EPI_ISL_1575135	a	a	a	a	a	a	a	a	aaaaaaaa
EPI_ISL_1575136	a	a	a	a	a	a	a	a	aaaaaaaa
EPI_ISL_1665247	a	a	a	a	a	a	a	a	aaaaaaaa
EPI_ISL_1665248	a	a	a	a	a	a	a	a	aaaaaaaa
EPI_ISL_1665251	a	a	a	a	a	a	a	a	aaaaaaaa
EPI_ISL_1665252	a	a	a	a	a	a	a	a	aaaaaaaa
EPI_ISL_1665254	a	a	a	a	a	a	a	a	aaaaaaaa
EPI_ISL_1665255	a	a	a	a	a	a	a	a	aaaaaaaa
EPI_ISL_1665256	a	a	a	a	a	a	a	a	aaaaaaaa
EPI_ISL_1665257	a	a	a	a	a	a	a	a	aaaaaaaa
EPI_ISL_1665259	a	a	a	a	a	a	a	a	aaaaaaaa
EPI_ISL_1665260	a	a	a	a	a	a	a	a	aaaaaaaa
EPI_ISL_1665263	a	a	a	a	a	a	a	a	aaaaaaaa
EPI_ISL_1665264	a	a	a	a	a	a	a	a	aaaaaaaa
EPI_ISL_1665265	a	a	a	a	a	a	a	a	aaaaaaaa
EPI_ISL_1665266	a	a	a	a	a	a	a	a	aaaaaaaa
EPI_ISL_1665272	a	a	a	a	a	a	a	a	aaaaaaaa
EPI_ISL_1665273	a	a	a	a	a	a	a	a	aaaaaaaa
EPI_ISL_1665274	a	a	a	a	a	a	a	a	aaaaaaaa
EPI_ISL_1697181	a	a	a	a	a	a	a	a	aaaaaaaa
EPI_ISL_1697182	a	a	a	a	a	a	a	a	aaaaaaaa
EPI_ISL_1697183	a	a	a	a	a	a	a	a	aaaaaaaa
EPI_ISL_1697184	a	a	a	a	a	a	a	a	aaaaaaaa
EPI_ISL_1697185	a	a	a	a	a	a	a	a	aaaaaaaa
EPI_ISL_1697186	a	a	a	a	a	a	a	a	aaaaaaaa
EPI_ISL_1697187	a	a	a	a	a	a	a	a	aaaaaaaa
EPI_ISL_1697188	a	a	a	a	a	a	a	a	aaaaaaaa
EPI_ISL_1697189	a	a	a	a	a	a	a	a	aaaaaaaa
EPI_ISL_1697190	a	a	a	a	a	a	a	a	aaaaaaaa
EPI_ISL_1697191	a	a	a	a	a	a	a	a	aaaaaaaa
EPI_ISL_1697192	a	a	a	a	a	a	a	a	aaaaaaaa
EPI_ISL_1697193	a	a	a	a	a	a	a	a	aaaaaaaa
EPI_ISL_1697194	a	a	a	a	a	a	a	a	aaaaaaaa
EPI_ISL_1697195	a	a	a	a	a	a	a	a	aaaaaaaa
EPI_ISL_1697196	a	a	a	a	a	a	a	a	aaaaaaaa
EPI_ISL_1697197	a	a	a	a	a	a	a	a	aaaaaaaa
EPI_ISL_1697198	a	a	a	a	a	a	a	a	aaaaaaaa
EPI_ISL_1697199	a	a	a	a	a	a	a	a	aaaaaaaa
EPI_ISL_1697200	a	a	a	a	a	a	a	a	aaaaaaaa
EPI_ISL_1719909	a	a	a	a	a	a	a	a	aaaaaaaa
EPI_ISL_1719910	a	a	a	a	a	a	a	a	aaaaaaaa
EPI_ISL_1719911	a	a	a	a	a	a	a	a	aaaaaaaa
EPI_ISL_1719912	a	a	a	a	a	a	a	a	aaaaaaaa
EPI_ISL_1719913	a	a	a	a	a	a	a	a	aaaaaaaa
EPI_ISL_1719914	a	a	a	a	a	a	a	a	aaaaaaaa
EPI_ISL_1719915	a	a	a	a	a	a	a	a	aaaaaaaa
EPI_ISL_1760446	a	a	a	a	a	a	a	a	aaaaaaaa
EPI_ISL_1760447	a	a	a	a	a	a	a	a	aaaaaaaa
EPI_ISL_1760450	a	a	a	a	a	a	a	a	aaaaaaaa
EPI_ISL_1760451	a	a	a	a	a	a	a	a	aaaaaaaa
EPI_ISL_1760452	a	a	a	a	a	a	a	a	aaaaaaaa
EPI_ISL_1760453	a	a	a	a	a	a	a	a	aaaaaaaa
EPI_ISL_1760454	a	a	a	a	a	a	a	a	aaaaaaaa
EPI_ISL_1822592	a	a	a	a	a	a	a	a	aaaaaaaa
EPI_ISL_1822593	a	a	a	a	a	a	a	a	aaaaaaaa
EPI_ISL_1822594	a	a	a	a	a	a	a	a	aaaaaaaa
EPI_ISL_1822595	a	a	a	a	a	a	a	a	aaaaaaaa
EPI_ISL_1822596	a	a	a	a	a	a	a	a	aaaaaaaa
EPI_ISL_1822597	a	a	a	a	a	a	a	a	aaaaaaaa
EPI_ISL_1822598	a	a	a	a	a	a	a	a	aaaaaaaa
EPI_ISL_1822599	a	a	a	a	a	a	a	a	aaaaaaaa
EPI_ISL_1829205	a	a	a	a	a	a	a	a	aaaaaaaa
EPI_ISL_1834185	a	a	a	a	a	a	a	a	aaaaaaaa
EPI_ISL_1937883	a	a	a	a	a	a	a	a	aaaaaaaa
EPI_ISL_1937884	a	a	a	a	a	a	a	a	aaaaaaaa
EPI_ISL_1937889	a	a	a	a	a	a	a	a	aaaaaaaa
EPI_ISL_1937890	a	a	a	a	a	a	a	a	aaaaaaaa
EPI_ISL_1937891	a	a	a	a	a	a	a	a	aaaaaaaa
EPI_ISL_1937892	a	a	a	a	a	a	a	a	aaaaaaaa
EPI_ISL_1938307	a	a	a	a	a	a	a	a	aaaaaaaa
EPI_ISL_1938309	a	a	a	a	a	a	a	a	aaaaaaaa
EPI_ISL_1938478	a	a	a	a	a	a	a	a	aaaaaaaa
EPI_ISL_1939080	a	a	a	a	a	a	a	a	aaaaaaaa
EPI_ISL_1939617	a	a	a	a	a	a	a	a	aaaaaaaa
EPI_ISL_1941351	a	a	a	a	a	a	a	a	aaaaaaaa
EPI_ISL_1941365	a	a	a	a	a	a	a	a	aaaaaaaa
EPI_ISL_1941375	a	a	a	a	a	a	a	a	aaaaaaaa
EPI_ISL_1941417	a	a	a	a	a	a	a	a	aaaaaaaa
EPI_ISL_1941444	a	a	a	a	a	a	a	a	aaaaaaaa
EPI_ISL_1941480	a	a	a	a	a	a	a	a	aaaaaaaa
EPI_ISL_1941542	a	a	a	a	a	a	a	a	aaaaaaaa
EPI_ISL_1941578	a	a	a	a	a	a	a	a	aaaaaaaa
EPI_ISL_1941579	a	a	a	a	a	a	a	a	aaaaaaaa
EPI_ISL_1941580	a	a	a	a	a	a	a	a	aaaaaaaa
EPI_ISL_1941581	a	a	a	a	a	a	a	a	aaaaaaaa
EPI_ISL_1941582	a	a	a	a	a	a	a	a	aaaaaaaa
EPI_ISL_2081527	a	a	a	a	a	a	a	a	aaaaaaaa
EPI_ISL_2081528	a	a	a	a	a	a	a	a	aaaaaaaa
EPI_ISL_2111625	a	a	a	a	a	a	a	a	aaaaaaaa
EPI_ISL_2113167	a	a	a	a	a	a	a	a	aaaaaaaa
EPI_ISL_2113493	a	a	a	a	a	a	a	a	aaaaaaaa
EPI_ISL_2114013	a	a	a	a	a	a	a	a	aaaaaaaa
EPI_ISL_2131573	a	b	d	a	a	a	a	a	abdaaaaa
EPI_ISL_2172517	a	a	a	a	a	a	a	a	aaaaaaaa
EPI_ISL_2172518	a	a	a	a	a	a	a	a	aaaaaaaa
EPI_ISL_2172522	a	a	a	a	a	a	a	a	aaaaaaaa
EPI_ISL_2172523	a	a	a	a	a	a	a	a	aaaaaaaa
EPI_ISL_2172525	a	a	a	a	a	a	a	a	aaaaaaaa
EPI_ISL_2172526	a	a	a	a	a	a	a	a	aaaaaaaa
EPI_ISL_2172529	a	a	a	a	a	a	a	a	aaaaaaaa
EPI_ISL_2172531	a	a	a	a	a	a	a	a	aaaaaaaa
EPI_ISL_2172532	a	a	a	a	a	a	a	a	aaaaaaaa
EPI_ISL_2172533	a	a	a	a	a	a	a	a	aaaaaaaa
EPI_ISL_2172608	a	a	a	a	a	a	a	a	aaaaaaaa
EPI_ISL_2175628	a	a	a	a	a	a	a	a	aaaaaaaa
EPI_ISL_2176321	a	a	a	a	a	a	a	a	aaaaaaaa
EPI_ISL_2176841	a	a	a	a	a	a	a	a	aaaaaaaa
EPI_ISL_2177398	a	a	a	a	a	a	a	a	aaaaaaaa
EPI_ISL_2194543	a	a	a	a	a	a	a	a	aaaaaaaa
EPI_ISL_2227275	a	a	a	a	a	h	a	a	aaaaahaa
EPI_ISL_2234810	a	a	a	a	a	a	a	a	aaaaaaaa
EPI_ISL_2234811	a	a	a	a	a	a	a	a	aaaaaaaa
EPI_ISL_2234812	a	a	a	a	a	a	a	a	aaaaaaaa
EPI_ISL_2234813	a	a	a	a	a	a	a	a	aaaaaaaa
EPI_ISL_2234814	a	a	a	a	a	a	a	a	aaaaaaaa
EPI_ISL_2234815	a	a	a	a	a	a	a	a	aaaaaaaa
EPI_ISL_2234816	a	a	a	a	a	a	a	a	aaaaaaaa
EPI_ISL_2234817	a	a	a	a	a	a	a	a	aaaaaaaa
EPI_ISL_2234818	a	a	a	a	a	a	a	a	aaaaaaaa
EPI_ISL_2234819	a	a	a	a	a	a	a	a	aaaaaaaa
EPI_ISL_2234820	a	a	a	a	a	a	a	a	aaaaaaaa
EPI_ISL_2254497	a	a	a	a	a	a	a	a	aaaaaaaa
EPI_ISL_2301187	a	b	d	a	a	a	a	a	abdaaaaa
EPI_ISL_2402936	a	a	a	a	a	a	a	a	aaaaaaaa
EPI_ISL_2402937	a	a	a	a	a	a	a	a	aaaaaaaa
EPI_ISL_2402938	a	a	a	a	a	a	a	a	aaaaaaaa
EPI_ISL_2555532	a	a	a	a	a	a	a	a	aaaaaaaa
EPI_ISL_2555534	a	a	a	a	a	a	a	a	aaaaaaaa
EPI_ISL_2555536	a	a	a	a	a	a	a	a	aaaaaaaa
EPI_ISL_2555538	a	a	a	a	a	a	a	a	aaaaaaaa
EPI_ISL_2555541	a	a	a	a	a	a	a	a	aaaaaaaa
EPI_ISL_2555542	a	a	a	a	a	a	a	a	aaaaaaaa
EPI_ISL_2555543	a	a	a	a	a	a	a	a	aaaaaaaa
EPI_ISL_2556113	a	a	a	a	a	a	a	a	aaaaaaaa
EPI_ISL_2574053	a	a	f	a	g	e	a	a	aafageaa
EPI_ISL_2681044	a	a	a	a	a	a	a	a	aaaaaaaa
EPI_ISL_2685842	a	a	a	a	a	a	a	a	aaaaaaaa
EPI_ISL_2685846	a	a	a	a	a	a	a	a	aaaaaaaa
EPI_ISL_2685847	a	a	a	a	a	a	a	a	aaaaaaaa
EPI_ISL_2685848	a	a	a	a	a	a	a	a	aaaaaaaa
EPI_ISL_2685900	a	a	a	a	a	a	a	a	aaaaaaaa
EPI_ISL_2685947	a	a	a	a	a	a	a	a	aaaaaaaa
EPI_ISL_2713170	a	a	a	a	a	a	a	a	aaaaaaaa
EPI_ISL_2713314	a	a	a	a	a	a	a	a	aaaaaaaa
EPI_ISL_2713372	a	a	a	a	a	a	a	a	aaaaaaaa
EPI_ISL_2815336	a	a	a	a	a	a	a	a	aaaaaaaa
EPI_ISL_2815374	b	b	b	b	b	b	b	b	bbbbbbbb
EPI_ISL_2820250	b	b	b	b	b	b	b	b	bbbbbbbb
EPI_ISL_2820259	b	b	b	b	b	b	b	b	bbbbbbbb
EPI_ISL_2820261	b	b	b	b	b	b	b	b	bbbbbbbb
EPI_ISL_2820262	b	b	b	b	b	b	b	b	bbbbbbbb
EPI_ISL_2820288	b	b	b	b	b	b	b	b	bbbbbbbb
EPI_ISL_2820465	b	b	b	b	b	b	b	b	bbbbbbbb
EPI_ISL_2820479	b	b	b	b	b	b	b	b	bbbbbbbb
EPI_ISL_2820480	b	b	b	b	b	b	b	b	bbbbbbbb
EPI_ISL_2820501	b	b	b	b	b	b	b	b	bbbbbbbb
EPI_ISL_2820503	b	b	b	b	b	b	b	b	bbbbbbbb
EPI_ISL_2820504	b	b	b	b	b	b	b	b	bbbbbbbb
EPI_ISL_2932600	a	a	a	a	a	a	a	a	aaaaaaaa
EPI_ISL_2932608	a	a	a	a	a	a	a	a	aaaaaaaa
EPI_ISL_2932609	a	a	a	a	a	a	a	a	aaaaaaaa
EPI_ISL_2932612	a	a	a	a	a	a	a	a	aaaaaaaa
EPI_ISL_2932614	a	a	a	a	a	a	a	a	aaaaaaaa
EPI_ISL_2932616	a	a	a	a	a	a	a	a	aaaaaaaa
EPI_ISL_2932617	a	a	a	a	a	a	a	a	aaaaaaaa
EPI_ISL_2932619	a	a	a	a	a	a	a	a	aaaaaaaa
EPI_ISL_2932682	a	a	a	a	a	a	a	a	aaaaaaaa
EPI_ISL_2932683	a	a	a	a	a	a	a	a	aaaaaaaa
EPI_ISL_3001273	a	b	d	a	a	a	a	a	abdaaaaa
EPI_ISL_3026043	a	a	a	a	a	a	a	a	aaaaaaaa
EPI_ISL_3026699	a	a	a	a	a	a	a	a	aaaaaaaa
EPI_ISL_3098710	a	a	a	a	a	a	a	a	aaaaaaaa
EPI_ISL_3102024	a	a	a	a	a	a	a	a	aaaaaaaa
EPI_ISL_3102029	a	a	a	a	a	a	a	a	aaaaaaaa
EPI_ISL_3102056	a	a	a	a	a	a	a	a	aaaaaaaa
EPI_ISL_3102057	a	a	a	a	a	a	a	a	aaaaaaaa
EPI_ISL_3102058	a	a	a	a	a	a	a	a	aaaaaaaa
EPI_ISL_3102059	a	a	a	a	a	a	a	a	aaaaaaaa
EPI_ISL_3102060	a	a	a	a	a	a	a	a	aaaaaaaa
EPI_ISL_3102061	a	a	a	a	a	a	a	a	aaaaaaaa
EPI_ISL_3102062	a	a	a	a	a	a	a	a	aaaaaaaa
EPI_ISL_3102063	a	a	a	a	a	a	a	a	aaaaaaaa
EPI_ISL_3102064	a	a	a	a	a	a	a	a	aaaaaaaa
EPI_ISL_3102065	a	a	a	a	a	a	a	a	aaaaaaaa
EPI_ISL_3102066	a	a	a	a	a	a	a	a	aaaaaaaa
EPI_ISL_3102067	a	a	a	a	a	a	a	a	aaaaaaaa
EPI_ISL_3102068	a	a	a	a	a	a	a	a	aaaaaaaa
EPI_ISL_3102069	a	a	a	a	a	a	a	a	aaaaaaaa
EPI_ISL_3102070	a	a	a	a	a	a	a	a	aaaaaaaa
EPI_ISL_3102071	a	a	a	a	a	a	a	a	aaaaaaaa
EPI_ISL_3102072	a	a	a	a	a	a	a	a	aaaaaaaa
EPI_ISL_3102073	a	a	a	a	a	a	a	a	aaaaaaaa
EPI_ISL_3102074	a	a	a	a	a	a	a	a	aaaaaaaa
EPI_ISL_3102075	a	a	a	a	a	a	a	a	aaaaaaaa
EPI_ISL_3102076	a	a	a	a	a	a	a	a	aaaaaaaa
EPI_ISL_3102077	a	a	a	a	a	a	a	a	aaaaaaaa
EPI_ISL_3102078	a	a	a	a	a	a	a	a	aaaaaaaa
EPI_ISL_3102079	a	a	a	a	a	a	a	a	aaaaaaaa
EPI_ISL_3102080	a	a	a	a	a	a	a	a	aaaaaaaa
EPI_ISL_3102082	a	a	a	a	a	a	a	a	aaaaaaaa
EPI_ISL_3102208	a	a	a	a	a	a	a	a	aaaaaaaa
EPI_ISL_3127850	a	a	a	a	a	a	a	a	aaaaaaaa
EPI_ISL_3128152	a	a	a	a	a	a	a	a	aaaaaaaa
EPI_ISL_3128522	a	a	a	a	a	a	a	a	aaaaaaaa
EPI_ISL_3128523	a	a	a	a	a	a	a	a	aaaaaaaa
EPI_ISL_3128524	a	a	a	a	a	a	a	a	aaaaaaaa
EPI_ISL_3128525	a	a	a	a	a	a	a	a	aaaaaaaa
EPI_ISL_3128526	a	a	a	a	a	a	a	a	aaaaaaaa
EPI_ISL_3128527	a	a	a	a	a	a	a	a	aaaaaaaa
EPI_ISL_3128528	a	a	a	a	a	a	a	a	aaaaaaaa
EPI_ISL_3128529	a	a	a	a	a	a	a	a	aaaaaaaa
EPI_ISL_3128530	a	a	a	a	a	a	a	a	aaaaaaaa
EPI_ISL_3128531	a	a	a	a	a	a	a	a	aaaaaaaa
EPI_ISL_3128532	a	a	a	a	a	a	a	a	aaaaaaaa
EPI_ISL_3128533	a	a	a	a	a	a	a	a	aaaaaaaa
EPI_ISL_3128534	a	a	a	a	a	a	a	a	aaaaaaaa
EPI_ISL_3135931	a	a	a	a	a	a	a	a	aaaaaaaa
EPI_ISL_3138567	a	a	a	a	a	a	a	a	aaaaaaaa
EPI_ISL_3138618	a	a	a	a	a	a	a	a	aaaaaaaa
EPI_ISL_3142375	a	a	a	a	a	a	a	a	aaaaaaaa
EPI_ISL_3142391	a	a	a	a	a	a	a	a	aaaaaaaa
EPI_ISL_3143953	a	a	a	a	a	a	a	a	aaaaaaaa
EPI_ISL_3290184	a	a	a	a	d	a	a	a	aaaadaaa
EPI_ISL_3298300	a	b	d	a	a	a	a	a	abdaaaaa
EPI_ISL_3314946	a	a	a	a	a	a	a	a	aaaaaaaa
EPI_ISL_3314973	a	b	d	a	a	a	a	a	abdaaaaa
EPI_ISL_3315298	a	a	a	a	a	a	a	a	aaaaaaaa
EPI_ISL_3319316	a	a	a	a	a	a	a	a	aaaaaaaa
EPI_ISL_3319859	a	a	a	a	a	a	a	a	aaaaaaaa
EPI_ISL_3950049	a	a	a	a	a	a	a	a	aaaaaaaa
EPI_ISL_3950066	a	a	a	a	a	a	a	a	aaaaaaaa
EPI_ISL_404993	b	b	b	b	b	b	b	b	bbbbbbbb
EPI_ISL_405391	b	b	b	b	b	b	b	b	bbbbbbbb
EPI_ISL_405813	b	b	b	b	b	b	b	b	bbbbbbbb
EPI_ISL_4061482	a	a	a	a	a	a	a	a	aaaaaaaa
EPI_ISL_4061483	a	a	a	a	a	a	a	a	aaaaaaaa
EPI_ISL_4061490	a	a	a	a	a	a	a	a	aaaaaaaa
EPI_ISL_4061712	b	b	b	b	c	b	b	b	bbbbcbbb
EPI_ISL_4061713	b	b	b	b	c	b	b	b	bbbbcbbb
EPI_ISL_4061714	b	b	b	b	c	b	b	b	bbbbcbbb
EPI_ISL_4061715	b	b	b	b	b	b	b	b	bbbbbbbb
EPI_ISL_4062112	c	c	b	b	c	b	b	b	ccbbcbbb
EPI_ISL_4071019	b	b	b	b	b	b	b	b	bbbbbbbb
EPI_ISL_410291	b	b	b	b	b	b	b	b	bbbbbbbb
EPI_ISL_415197	b	b	b	b	b	b	b	b	bbbbbbbb
EPI_ISL_417414	b	b	b	b	b	b	b	b	bbbbbbbb
EPI_ISL_417415	b	b	b	b	b	b	b	b	bbbbbbbb
EPI_ISL_418266	b	b	b	b	b	b	b	b	bbbbbbbb
EPI_ISL_419220	b	b	b	b	b	b	b	b	bbbbbbbb
EPI_ISL_419312	b	b	b	b	b	b	b	b	bbbbbbbb
EPI_ISL_419314	b	b	b	b	b	b	b	b	bbbbbbbb
EPI_ISL_4396748	a	a	a	a	a	a	a	a	aaaaaaaa
EPI_ISL_4804850	a	a	a	a	d	a	a	a	aaaadaaa
EPI_ISL_4805852	a	a	a	a	a	a	a	a	aaaaaaaa
EPI_ISL_4805936	a	a	a	a	d	a	a	a	aaaadaaa
EPI_ISL_5049590	a	a	a	a	a	a	a	a	aaaaaaaa
EPI_ISL_5057844	a	a	a	a	a	a	a	a	aaaaaaaa
EPI_ISL_5057856	a	a	a	a	a	a	a	a	aaaaaaaa
EPI_ISL_5057874	a	a	a	a	a	a	a	a	aaaaaaaa
EPI_ISL_5057875	a	a	a	a	a	a	a	a	aaaaaaaa
EPI_ISL_5057963	a	a	a	a	a	a	a	a	aaaaaaaa
EPI_ISL_5058090	a	a	a	a	a	a	a	a	aaaaaaaa
EPI_ISL_5058432	a	a	a	a	a	a	a	a	aaaaaaaa
EPI_ISL_5058855	a	a	a	a	a	a	a	a	aaaaaaaa
EPI_ISL_5060031	a	a	a	a	a	a	a	a	aaaaaaaa
EPI_ISL_5061390	a	a	a	a	a	a	a	a	aaaaaaaa
EPI_ISL_5061890	a	a	a	a	a	a	a	a	aaaaaaaa
EPI_ISL_5062078	a	a	a	a	a	a	a	a	aaaaaaaa
EPI_ISL_5062851	a	a	a	a	a	a	a	a	aaaaaaaa
EPI_ISL_5063706	a	a	a	a	a	a	a	a	aaaaaaaa
EPI_ISL_5064270	a	a	a	a	a	a	a	a	aaaaaaaa
EPI_ISL_5064509	a	a	a	a	a	a	a	a	aaaaaaaa
EPI_ISL_5064707	a	a	a	a	a	a	a	a	aaaaaaaa
EPI_ISL_5064825	a	a	a	a	a	a	a	a	aaaaaaaa
EPI_ISL_5064922	a	a	a	a	a	a	a	a	aaaaaaaa
EPI_ISL_5064971	a	a	a	a	a	a	a	a	aaaaaaaa
EPI_ISL_5065068	a	a	a	a	a	a	a	a	aaaaaaaa
EPI_ISL_5065144	a	a	a	a	a	a	a	a	aaaaaaaa
EPI_ISL_5065276	a	a	a	a	a	a	a	a	aaaaaaaa
EPI_ISL_5066981	a	a	a	a	a	a	a	a	aaaaaaaa
EPI_ISL_5066982	a	a	a	a	a	a	a	a	aaaaaaaa
EPI_ISL_5066996	a	a	a	a	a	a	a	a	aaaaaaaa
EPI_ISL_5067044	a	a	a	a	a	a	a	a	aaaaaaaa
EPI_ISL_5067335	a	a	a	a	a	a	a	a	aaaaaaaa
EPI_ISL_5067957	a	a	a	a	a	a	a	a	aaaaaaaa
EPI_ISL_5095319	a	a	a	a	a	a	a	a	aaaaaaaa
EPI_ISL_5095320	a	a	a	a	a	a	a	a	aaaaaaaa
EPI_ISL_5095321	a	a	a	a	a	a	a	a	aaaaaaaa
EPI_ISL_5095322	a	a	a	a	a	a	a	a	aaaaaaaa
EPI_ISL_5095323	a	a	a	a	a	a	a	a	aaaaaaaa
EPI_ISL_5095336	a	a	a	a	a	a	a	a	aaaaaaaa
EPI_ISL_5095554	a	a	a	a	a	a	a	a	aaaaaaaa
EPI_ISL_5095555	a	a	a	a	a	a	a	a	aaaaaaaa
EPI_ISL_5095556	a	a	a	a	a	a	a	a	aaaaaaaa
EPI_ISL_5095644	g	c	h	a	f	a	a	a	gchafaaa
EPI_ISL_5095645	a	a	a	a	a	a	a	a	aaaaaaaa
EPI_ISL_5095649	a	a	a	a	a	c	a	a	aaaaacaa
EPI_ISL_5095650	a	a	a	a	a	a	a	a	aaaaaaaa
EPI_ISL_5096070	a	a	a	a	a	a	a	a	aaaaaaaa
EPI_ISL_5096104	a	a	a	a	a	a	a	a	aaaaaaaa
EPI_ISL_5096105	a	a	a	a	a	a	a	a	aaaaaaaa
EPI_ISL_5096107	a	a	a	a	a	a	a	a	aaaaaaaa
EPI_ISL_5096629	a	a	a	a	a	a	a	a	aaaaaaaa
EPI_ISL_5097280	a	a	a	a	a	a	a	a	aaaaaaaa
EPI_ISL_5098130	a	a	a	a	a	a	a	a	aaaaaaaa
EPI_ISL_5098132	a	a	a	a	a	a	a	a	aaaaaaaa
EPI_ISL_5098133	a	a	a	a	a	a	a	a	aaaaaaaa
EPI_ISL_5098134	a	a	a	a	a	c	a	a	aaaaacaa
EPI_ISL_5098135	a	a	a	a	a	a	a	a	aaaaaaaa
EPI_ISL_5098138	a	a	a	a	a	a	a	a	aaaaaaaa
EPI_ISL_5098139	a	a	a	a	a	a	a	a	aaaaaaaa
EPI_ISL_5098142	a	a	a	a	a	a	a	a	aaaaaaaa
EPI_ISL_5098143	a	a	a	a	a	a	a	a	aaaaaaaa
EPI_ISL_5098144	a	a	a	a	a	a	a	a	aaaaaaaa
EPI_ISL_5098145	a	a	a	a	a	a	a	a	aaaaaaaa
EPI_ISL_5098146	a	a	a	a	a	a	a	a	aaaaaaaa
EPI_ISL_5098147	a	a	a	a	a	a	a	a	aaaaaaaa
EPI_ISL_5098153	a	a	a	a	a	a	a	a	aaaaaaaa
EPI_ISL_5098154	a	a	a	a	a	a	a	a	aaaaaaaa
EPI_ISL_5098158	a	a	a	a	a	a	a	a	aaaaaaaa
EPI_ISL_5098159	a	a	a	a	a	a	a	a	aaaaaaaa
EPI_ISL_5098160	a	a	a	a	a	a	a	a	aaaaaaaa
EPI_ISL_5099356	a	a	a	a	a	a	a	a	aaaaaaaa
EPI_ISL_5099367	a	a	a	a	a	a	a	a	aaaaaaaa
EPI_ISL_5099368	a	a	a	a	a	a	a	a	aaaaaaaa
EPI_ISL_5099373	a	a	a	a	a	a	a	a	aaaaaaaa
EPI_ISL_5099462	a	a	a	a	a	a	a	a	aaaaaaaa
EPI_ISL_5099463	a	a	a	a	d	a	a	a	aaaadaaa
EPI_ISL_5099468	a	a	a	a	a	a	a	a	aaaaaaaa
EPI_ISL_5099474	a	a	a	a	a	a	a	a	aaaaaaaa
EPI_ISL_5099476	a	a	a	a	a	a	a	a	aaaaaaaa
EPI_ISL_5099628	a	a	a	a	a	a	a	a	aaaaaaaa
EPI_ISL_5100056	a	a	a	a	a	a	a	a	aaaaaaaa
EPI_ISL_5100599	a	a	a	a	a	a	a	a	aaaaaaaa
EPI_ISL_5102033	a	a	a	a	a	a	a	a	aaaaaaaa
EPI_ISL_5102130	a	a	a	a	a	a	a	a	aaaaaaaa
EPI_ISL_5102132	a	a	a	a	a	a	a	a	aaaaaaaa
EPI_ISL_5102136	a	a	a	a	a	a	a	a	aaaaaaaa
EPI_ISL_5102449	a	a	a	a	a	a	a	a	aaaaaaaa
EPI_ISL_5102578	a	a	a	a	a	a	a	a	aaaaaaaa
EPI_ISL_5115613	a	a	a	a	a	a	a	a	aaaaaaaa
EPI_ISL_5115614	a	a	a	a	a	a	a	a	aaaaaaaa
EPI_ISL_5115615	a	a	a	a	a	a	a	a	aaaaaaaa
EPI_ISL_5115616	a	a	a	a	a	a	a	a	aaaaaaaa
EPI_ISL_5115617	a	a	a	a	a	a	a	a	aaaaaaaa
EPI_ISL_5115618	a	a	a	a	a	a	a	a	aaaaaaaa
EPI_ISL_5115619	a	a	a	a	a	a	a	a	aaaaaaaa
EPI_ISL_5115620	a	a	a	a	a	a	a	a	aaaaaaaa
EPI_ISL_5115621	a	a	a	a	a	a	a	a	aaaaaaaa
EPI_ISL_5115763	g	c	h	a	f	a	a	d	gchafaad
EPI_ISL_5115955	a	a	a	a	a	a	a	a	aaaaaaaa
EPI_ISL_5115956	a	a	a	a	a	a	a	a	aaaaaaaa
EPI_ISL_5115967	a	a	a	a	a	a	a	a	aaaaaaaa
EPI_ISL_5115968	a	a	a	a	a	a	a	a	aaaaaaaa
EPI_ISL_5115970	a	a	a	a	a	a	a	a	aaaaaaaa
EPI_ISL_5116063	a	a	a	a	a	c	a	a	aaaaacaa
EPI_ISL_5116064	a	a	a	a	a	a	a	a	aaaaaaaa
EPI_ISL_5116065	a	a	a	a	a	a	a	a	aaaaaaaa
EPI_ISL_5116093	a	a	a	a	a	a	a	a	aaaaaaaa
EPI_ISL_5116172	a	a	a	a	a	c	a	a	aaaaacaa
EPI_ISL_5116326	a	a	a	a	d	a	a	a	aaaadaaa
EPI_ISL_5123578	a	a	a	a	a	a	a	a	aaaaaaaa
EPI_ISL_5123579	a	a	a	a	a	a	a	a	aaaaaaaa
EPI_ISL_5123584	a	a	a	a	a	a	a	a	aaaaaaaa
EPI_ISL_5123589	a	a	a	a	a	a	a	a	aaaaaaaa
EPI_ISL_5123590	a	a	a	a	a	a	a	a	aaaaaaaa
EPI_ISL_5126214	a	a	a	a	a	a	a	a	aaaaaaaa
EPI_ISL_5133724	a	a	a	a	a	a	a	a	aaaaaaaa
EPI_ISL_5134186	a	a	a	a	a	a	a	a	aaaaaaaa
EPI_ISL_5134658	a	a	a	a	a	a	a	a	aaaaaaaa
EPI_ISL_5135087	a	a	a	a	a	a	a	a	aaaaaaaa
EPI_ISL_5136192	a	a	a	a	a	a	a	a	aaaaaaaa
EPI_ISL_5136837	a	a	a	a	a	a	a	a	aaaaaaaa
EPI_ISL_5137351	a	a	a	a	a	a	a	a	aaaaaaaa
EPI_ISL_5137952	a	a	a	a	a	a	a	a	aaaaaaaa
EPI_ISL_5139441	a	a	a	a	a	a	a	a	aaaaaaaa
EPI_ISL_5141340	a	a	a	a	a	a	a	a	aaaaaaaa
EPI_ISL_5142451	a	a	a	a	a	a	a	a	aaaaaaaa
EPI_ISL_5142455	a	a	a	a	a	a	a	a	aaaaaaaa
EPI_ISL_5142488	a	a	a	a	a	a	a	a	aaaaaaaa
EPI_ISL_5142489	a	a	a	a	a	a	a	a	aaaaaaaa
EPI_ISL_5142894	a	a	a	a	a	a	a	a	aaaaaaaa
EPI_ISL_5142961	a	a	a	a	a	a	a	a	aaaaaaaa
EPI_ISL_5143100	a	a	a	a	a	a	a	a	aaaaaaaa
EPI_ISL_5143300	a	a	a	a	d	a	a	a	aaaadaaa
EPI_ISL_5143417	a	a	a	a	a	a	a	a	aaaaaaaa
EPI_ISL_5143554	a	a	a	a	a	a	a	a	aaaaaaaa
EPI_ISL_5143583	a	a	a	a	a	a	a	a	aaaaaaaa
EPI_ISL_5143584	a	a	a	a	a	a	a	a	aaaaaaaa
EPI_ISL_5143585	a	a	a	a	a	a	a	a	aaaaaaaa
EPI_ISL_5143586	a	a	a	a	a	a	a	a	aaaaaaaa
EPI_ISL_5143587	a	a	a	a	a	a	a	a	aaaaaaaa
EPI_ISL_5143626	a	a	a	a	a	a	a	a	aaaaaaaa
EPI_ISL_5143627	a	a	a	a	a	a	a	a	aaaaaaaa
EPI_ISL_5143820	a	a	a	a	a	a	a	a	aaaaaaaa
EPI_ISL_5143995	a	a	a	a	a	a	a	a	aaaaaaaa
EPI_ISL_5144149	a	a	a	a	a	a	a	a	aaaaaaaa
EPI_ISL_5144341	a	a	a	a	a	a	a	a	aaaaaaaa
EPI_ISL_5144368	a	a	a	a	a	a	a	a	aaaaaaaa
EPI_ISL_5144407	a	a	a	a	a	a	a	a	aaaaaaaa
EPI_ISL_5144529	a	a	a	a	a	a	a	a	aaaaaaaa
EPI_ISL_5144632	a	a	a	a	a	a	a	a	aaaaaaaa
EPI_ISL_5144725	a	a	a	a	a	a	a	a	aaaaaaaa
EPI_ISL_5144778	a	a	a	a	a	a	a	a	aaaaaaaa
EPI_ISL_5144920	a	a	a	a	a	a	a	a	aaaaaaaa
EPI_ISL_5145613	a	a	a	a	a	a	a	a	aaaaaaaa
EPI_ISL_5145796	a	a	a	a	a	a	a	a	aaaaaaaa
EPI_ISL_5145858	a	a	a	a	a	a	a	a	aaaaaaaa
EPI_ISL_5145921	a	a	a	a	a	a	a	a	aaaaaaaa
EPI_ISL_5146171	a	a	a	a	a	a	a	a	aaaaaaaa
EPI_ISL_5146288	a	a	a	a	a	a	a	a	aaaaaaaa
EPI_ISL_525439	b	b	b	b	b	b	b	b	bbbbbbbb
EPI_ISL_525440	b	b	b	b	b	b	b	b	bbbbbbbb
EPI_ISL_525441	b	b	b	b	b	b	b	b	bbbbbbbb
EPI_ISL_525442	b	b	b	b	b	b	b	b	bbbbbbbb
EPI_ISL_525443	b	b	b	b	b	b	b	b	bbbbbbbb
EPI_ISL_525444	b	b	b	b	b	b	b	b	bbbbbbbb
EPI_ISL_525445	b	b	b	b	b	b	b	b	bbbbbbbb
EPI_ISL_525446	b	b	b	b	b	b	b	b	bbbbbbbb
EPI_ISL_525447	b	b	b	b	b	b	b	b	bbbbbbbb
EPI_ISL_525448	b	b	b	b	b	b	b	b	bbbbbbbb
EPI_ISL_525449	b	b	b	b	b	b	b	b	bbbbbbbb
EPI_ISL_525450	b	b	b	b	b	b	b	b	bbbbbbbb
EPI_ISL_525451	b	b	b	b	b	b	b	b	bbbbbbbb
EPI_ISL_525452	b	b	b	b	b	b	b	b	bbbbbbbb
EPI_ISL_525453	b	b	b	b	b	b	b	b	bbbbbbbb
EPI_ISL_525454	b	b	b	b	b	b	b	b	bbbbbbbb
EPI_ISL_525455	b	b	b	b	b	b	b	b	bbbbbbbb
EPI_ISL_525462	b	b	b	b	b	b	b	b	bbbbbbbb
EPI_ISL_525463	b	b	b	b	b	b	b	b	bbbbbbbb
EPI_ISL_525464	b	b	b	b	b	b	b	b	bbbbbbbb
EPI_ISL_525465	b	b	b	b	b	b	b	b	bbbbbbbb
EPI_ISL_5260416	a	a	a	a	a	a	a	a	aaaaaaaa
EPI_ISL_5260417	a	a	a	a	a	a	a	a	aaaaaaaa
EPI_ISL_5260418	a	a	a	a	a	a	a	a	aaaaaaaa
EPI_ISL_5260419	a	a	a	a	a	a	a	a	aaaaaaaa
EPI_ISL_5260420	a	a	a	a	a	a	a	a	aaaaaaaa
EPI_ISL_5260421	a	a	a	a	a	a	a	a	aaaaaaaa
EPI_ISL_5260422	a	a	a	a	a	a	a	a	aaaaaaaa
EPI_ISL_5260426	a	a	a	a	a	a	a	a	aaaaaaaa
EPI_ISL_5260435	a	a	a	a	a	a	a	a	aaaaaaaa
EPI_ISL_5260444	a	a	a	a	a	a	a	a	aaaaaaaa
EPI_ISL_5260445	a	a	a	a	a	a	a	a	aaaaaaaa
EPI_ISL_5260446	a	a	a	a	a	a	a	a	aaaaaaaa
EPI_ISL_5260447	a	a	a	a	a	a	a	a	aaaaaaaa
EPI_ISL_5260448	a	a	a	a	a	a	a	a	aaaaaaaa
EPI_ISL_5260449	a	a	a	a	a	a	a	a	aaaaaaaa
EPI_ISL_5260450	a	a	a	a	a	a	a	a	aaaaaaaa
EPI_ISL_5260451	a	a	a	a	a	a	a	a	aaaaaaaa
EPI_ISL_5260452	a	a	a	a	a	a	a	a	aaaaaaaa
EPI_ISL_5260453	a	a	a	a	a	a	a	a	aaaaaaaa
EPI_ISL_5260454	a	a	a	a	a	a	a	a	aaaaaaaa
EPI_ISL_5260455	a	a	a	a	a	a	a	a	aaaaaaaa
EPI_ISL_5260456	a	a	a	a	a	a	a	a	aaaaaaaa
EPI_ISL_5260457	d	b	c	b	c	b	b	b	dbcbcbbb
EPI_ISL_5260458	a	a	a	a	a	a	a	a	aaaaaaaa
EPI_ISL_5260459	a	a	a	a	a	a	a	a	aaaaaaaa
EPI_ISL_5260460	a	a	a	a	a	a	a	a	aaaaaaaa
EPI_ISL_5260461	a	a	a	a	a	a	a	a	aaaaaaaa
EPI_ISL_5260462	a	a	a	a	a	a	a	a	aaaaaaaa
EPI_ISL_5260463	a	a	a	a	a	a	a	a	aaaaaaaa
EPI_ISL_5260464	a	a	a	a	a	a	a	a	aaaaaaaa
EPI_ISL_5260465	a	a	a	a	a	a	a	a	aaaaaaaa
EPI_ISL_5260466	a	a	a	a	a	a	a	a	aaaaaaaa
EPI_ISL_5260467	a	a	a	a	a	a	a	a	aaaaaaaa
EPI_ISL_5260468	a	a	a	a	a	a	a	a	aaaaaaaa
EPI_ISL_5260469	a	a	a	a	a	a	a	a	aaaaaaaa
EPI_ISL_5260470	a	a	a	a	a	a	a	a	aaaaaaaa
EPI_ISL_5862398	a	a	a	a	a	a	a	a	aaaaaaaa
EPI_ISL_5863089	a	a	a	a	a	a	a	a	aaaaaaaa
EPI_ISL_5863358	a	a	a	a	a	a	a	a	aaaaaaaa
EPI_ISL_5863359	a	a	a	a	a	a	a	a	aaaaaaaa
EPI_ISL_5863447	a	a	a	a	a	a	a	a	aaaaaaaa
EPI_ISL_5863490	a	a	a	a	a	a	a	a	aaaaaaaa
EPI_ISL_5863491	a	a	a	a	a	a	a	a	aaaaaaaa
EPI_ISL_5863497	a	a	a	a	a	a	a	a	aaaaaaaa
EPI_ISL_5863557	a	a	a	a	a	a	a	a	aaaaaaaa
EPI_ISL_5863567	a	a	a	a	a	a	a	a	aaaaaaaa
EPI_ISL_5863615	a	a	a	a	a	a	a	a	aaaaaaaa
EPI_ISL_5863641	a	a	a	a	a	a	a	a	aaaaaaaa
EPI_ISL_5863650	a	a	a	a	a	a	a	a	aaaaaaaa
EPI_ISL_5863929	a	a	a	a	a	a	a	a	aaaaaaaa
EPI_ISL_5865417	a	a	a	a	a	a	a	a	aaaaaaaa
EPI_ISL_5865550	a	a	a	a	a	a	a	a	aaaaaaaa
EPI_ISL_5865629	a	a	a	a	a	a	a	a	aaaaaaaa
EPI_ISL_5865682	a	a	a	a	a	a	a	a	aaaaaaaa
EPI_ISL_5865695	a	a	a	a	a	a	a	a	aaaaaaaa
EPI_ISL_591075	a	a	a	a	a	a	a	a	aaaaaaaa
EPI_ISL_603132	a	a	a	a	a	a	a	a	aaaaaaaa
EPI_ISL_603136	a	a	a	a	a	a	a	a	aaaaaaaa
EPI_ISL_603233	h	h	i	d	i	b	b	a	hhidibba
EPI_ISL_603235	h	i	j	e	j	b	b	a	hijejbba
EPI_ISL_614400	a	a	a	a	a	a	a	a	aaaaaaaa
EPI_ISL_614401	a	a	a	a	a	a	a	a	aaaaaaaa
EPI_ISL_615068	a	a	a	a	a	a	a	a	aaaaaaaa
EPI_ISL_615072	a	a	a	a	a	a	a	a	aaaaaaaa
EPI_ISL_615073	a	a	a	a	a	a	a	a	aaaaaaaa
EPI_ISL_623074	f	d	g	c	e	a	a	a	fdgceaaa
EPI_ISL_623075	a	a	a	a	a	a	a	a	aaaaaaaa
EPI_ISL_625671	a	a	a	a	a	a	a	a	aaaaaaaa
EPI_ISL_625672	a	a	a	a	a	a	a	a	aaaaaaaa
EPI_ISL_626649	a	a	a	a	a	a	a	a	aaaaaaaa
EPI_ISL_626650	a	a	a	a	a	a	a	a	aaaaaaaa
EPI_ISL_626651	a	a	a	a	a	a	a	a	aaaaaaaa
EPI_ISL_626652	a	a	a	a	a	a	a	a	aaaaaaaa
EPI_ISL_631824	b	b	b	b	b	b	b	b	bbbbbbbb
EPI_ISL_632317	a	a	a	a	a	a	a	a	aaaaaaaa
EPI_ISL_632318	a	a	a	a	a	a	a	a	aaaaaaaa
EPI_ISL_632319	a	a	a	a	a	a	a	a	aaaaaaaa
EPI_ISL_637098	a	a	a	a	a	a	a	a	aaaaaaaa
EPI_ISL_641377	a	a	a	a	a	a	a	a	aaaaaaaa
EPI_ISL_641394	a	a	a	a	a	a	a	a	aaaaaaaa
EPI_ISL_641395	a	a	a	a	a	a	a	a	aaaaaaaa
EPI_ISL_641518	a	a	a	a	a	a	a	a	aaaaaaaa
EPI_ISL_644121	a	a	a	a	a	a	a	a	aaaaaaaa
EPI_ISL_644122	a	a	a	a	a	a	a	a	aaaaaaaa
EPI_ISL_644123	a	a	a	a	a	a	a	a	aaaaaaaa
EPI_ISL_644124	a	a	a	a	a	a	a	a	aaaaaaaa
EPI_ISL_644125	a	a	d	a	a	a	a	a	aadaaaaa
EPI_ISL_644126	a	a	d	a	a	a	a	a	aadaaaaa
EPI_ISL_644127	a	a	d	a	a	a	a	a	aadaaaaa
EPI_ISL_644128	a	a	a	a	a	a	a	a	aaaaaaaa
EPI_ISL_644129	a	a	a	a	a	a	a	a	aaaaaaaa
EPI_ISL_644130	a	a	a	a	a	a	a	a	aaaaaaaa
EPI_ISL_644132	a	a	a	a	a	a	a	a	aaaaaaaa
EPI_ISL_644134	a	a	a	a	a	a	a	a	aaaaaaaa
EPI_ISL_644135	a	a	a	a	a	a	a	a	aaaaaaaa
EPI_ISL_644136	a	a	a	a	a	a	a	a	aaaaaaaa
EPI_ISL_644138	a	a	a	a	a	a	a	a	aaaaaaaa
EPI_ISL_644139	a	a	a	a	a	a	a	a	aaaaaaaa
EPI_ISL_644140	a	a	a	a	a	a	a	a	aaaaaaaa
EPI_ISL_644141	a	a	a	a	a	a	a	a	aaaaaaaa
EPI_ISL_644142	a	a	a	a	a	a	a	a	aaaaaaaa
EPI_ISL_644143	a	a	a	a	a	a	a	a	aaaaaaaa
EPI_ISL_644144	a	a	a	a	a	a	a	a	aaaaaaaa
EPI_ISL_644145	a	a	a	a	a	a	a	a	aaaaaaaa
EPI_ISL_644146	a	a	a	a	a	a	a	a	aaaaaaaa
EPI_ISL_644147	a	a	a	a	a	a	a	a	aaaaaaaa
EPI_ISL_644148	a	a	a	a	a	a	a	a	aaaaaaaa
EPI_ISL_644149	a	a	a	a	a	a	a	a	aaaaaaaa
EPI_ISL_644150	a	a	d	a	a	a	a	a	aadaaaaa
EPI_ISL_644151	a	a	a	a	a	a	a	a	aaaaaaaa
EPI_ISL_644152	a	a	a	a	a	a	a	a	aaaaaaaa
EPI_ISL_644154	a	a	a	a	a	a	a	a	aaaaaaaa
EPI_ISL_644155	a	a	a	a	a	a	a	a	aaaaaaaa
EPI_ISL_644156	a	a	a	a	a	a	a	a	aaaaaaaa
EPI_ISL_644158	a	a	a	a	a	a	a	a	aaaaaaaa
EPI_ISL_644159	a	a	a	a	a	a	a	a	aaaaaaaa
EPI_ISL_644160	a	a	a	a	a	a	a	a	aaaaaaaa
EPI_ISL_644161	a	a	a	a	a	a	a	a	aaaaaaaa
EPI_ISL_644735	a	a	a	a	a	a	a	a	aaaaaaaa
EPI_ISL_644824	a	a	a	a	a	a	a	a	aaaaaaaa
EPI_ISL_647969	a	a	a	a	a	a	a	a	aaaaaaaa
EPI_ISL_653918	a	a	a	a	a	a	a	a	aaaaaaaa
EPI_ISL_653919	a	a	a	a	a	a	a	a	aaaaaaaa
EPI_ISL_653920	a	a	a	a	a	a	a	a	aaaaaaaa
EPI_ISL_653921	a	a	a	a	a	a	a	a	aaaaaaaa
EPI_ISL_654821	a	a	a	a	a	a	a	a	aaaaaaaa
EPI_ISL_654824	a	a	a	a	a	a	a	a	aaaaaaaa
EPI_ISL_654826	a	a	a	a	a	a	a	a	aaaaaaaa
EPI_ISL_654827	a	a	a	a	a	a	a	a	aaaaaaaa
EPI_ISL_654828	a	a	a	a	a	a	a	a	aaaaaaaa
EPI_ISL_654829	a	a	a	a	a	a	a	a	aaaaaaaa
EPI_ISL_654830	a	a	a	a	a	a	a	a	aaaaaaaa
EPI_ISL_654831	a	a	a	a	a	a	a	a	aaaaaaaa
EPI_ISL_654832	a	a	a	a	a	a	a	a	aaaaaaaa
EPI_ISL_654833	a	a	a	a	a	a	a	a	aaaaaaaa
EPI_ISL_654834	a	a	a	a	a	a	a	a	aaaaaaaa
EPI_ISL_654835	a	a	a	a	a	a	a	a	aaaaaaaa
EPI_ISL_654836	a	a	a	a	a	a	a	a	aaaaaaaa
EPI_ISL_654837	a	a	a	a	a	a	a	a	aaaaaaaa
EPI_ISL_654838	a	a	a	a	a	a	a	a	aaaaaaaa
EPI_ISL_654839	a	a	a	a	a	a	a	a	aaaaaaaa
EPI_ISL_654958	a	a	a	a	a	a	a	a	aaaaaaaa
EPI_ISL_661177	a	a	a	a	a	a	a	a	aaaaaaaa
EPI_ISL_661178	a	a	a	a	a	a	a	a	aaaaaaaa
EPI_ISL_661313	a	a	a	a	a	a	a	a	aaaaaaaa
EPI_ISL_666687	b	b	b	b	b	b	b	b	bbbbbbbb
EPI_ISL_666890	a	a	a	a	a	a	a	a	aaaaaaaa
EPI_ISL_667810	a	a	a	a	a	a	a	a	aaaaaaaa
EPI_ISL_668456	a	a	a	a	a	a	a	a	aaaaaaaa
EPI_ISL_668457	a	a	a	a	a	a	a	a	aaaaaaaa
EPI_ISL_681271	b	b	b	b	b	b	b	b	bbbbbbbb
EPI_ISL_681272	b	b	b	b	b	b	b	b	bbbbbbbb
EPI_ISL_681273	b	b	b	b	b	b	b	b	bbbbbbbb
EPI_ISL_681274	b	b	b	b	b	b	b	b	bbbbbbbb
EPI_ISL_681275	b	b	b	b	b	b	b	b	bbbbbbbb
EPI_ISL_681276	b	b	b	b	b	b	b	b	bbbbbbbb
EPI_ISL_681281	b	b	b	b	b	b	b	b	bbbbbbbb
EPI_ISL_681282	c	c	b	b	c	b	b	b	ccbbcbbb
EPI_ISL_681283	c	c	b	b	c	b	b	b	ccbbcbbb
EPI_ISL_681284	b	b	b	b	b	b	b	b	bbbbbbbb
EPI_ISL_681285	b	b	b	b	b	b	b	b	bbbbbbbb
EPI_ISL_681286	b	b	b	b	b	b	b	b	bbbbbbbb
EPI_ISL_681287	b	b	b	b	b	b	b	b	bbbbbbbb
EPI_ISL_681288	b	b	b	b	b	b	b	b	bbbbbbbb
EPI_ISL_681289	b	b	b	b	b	b	b	b	bbbbbbbb
EPI_ISL_681290	b	b	b	b	b	b	b	b	bbbbbbbb
EPI_ISL_681291	b	b	b	b	b	b	b	b	bbbbbbbb
EPI_ISL_681292	b	b	b	b	b	b	b	b	bbbbbbbb
EPI_ISL_681293	b	b	b	b	b	b	b	b	bbbbbbbb
EPI_ISL_681294	b	b	b	b	b	b	b	b	bbbbbbbb
EPI_ISL_681295	b	b	b	b	b	b	b	b	bbbbbbbb
EPI_ISL_681296	b	b	b	b	b	b	b	b	bbbbbbbb
EPI_ISL_681297	b	b	b	b	b	b	b	b	bbbbbbbb
EPI_ISL_682297	b	b	b	b	b	b	b	b	bbbbbbbb
EPI_ISL_6829497	a	a	a	a	a	a	a	a	aaaaaaaa
EPI_ISL_6829536	a	a	a	a	a	a	a	a	aaaaaaaa
EPI_ISL_683593	a	a	a	a	a	a	a	a	aaaaaaaa
EPI_ISL_683594	a	a	a	a	a	a	a	a	aaaaaaaa
EPI_ISL_684037	i	g	k	f	k	b	b	a	igkfkbba
EPI_ISL_693515	a	a	a	a	a	a	a	a	aaaaaaaa
EPI_ISL_697771	b	b	b	b	b	b	b	b	bbbbbbbb
EPI_ISL_708701	b	b	b	b	b	b	b	b	bbbbbbbb
EPI_ISL_708702	b	b	b	b	b	b	b	b	bbbbbbbb
EPI_ISL_708703	b	b	b	b	b	b	b	b	bbbbbbbb
EPI_ISL_708704	b	b	b	b	b	b	b	b	bbbbbbbb
EPI_ISL_708705	b	b	b	b	b	b	b	b	bbbbbbbb
EPI_ISL_708706	b	b	b	b	b	b	b	b	bbbbbbbb
EPI_ISL_708707	b	b	b	b	b	b	b	b	bbbbbbbb
EPI_ISL_708708	b	b	b	b	b	b	b	b	bbbbbbbb
EPI_ISL_708709	b	b	b	b	b	b	b	b	bbbbbbbb
EPI_ISL_708710	b	b	b	b	b	b	b	b	bbbbbbbb
EPI_ISL_708711	b	b	b	b	b	b	b	b	bbbbbbbb
EPI_ISL_708712	b	b	b	b	b	b	b	b	bbbbbbbb
EPI_ISL_708713	b	b	b	b	b	b	b	b	bbbbbbbb
EPI_ISL_708714	b	b	b	b	b	b	b	b	bbbbbbbb
EPI_ISL_708715	b	b	b	b	b	b	b	b	bbbbbbbb
EPI_ISL_708716	b	b	b	b	b	b	b	b	bbbbbbbb
EPI_ISL_708717	b	b	b	b	b	b	b	b	bbbbbbbb
EPI_ISL_708718	b	b	b	b	b	b	b	b	bbbbbbbb
EPI_ISL_708719	b	b	b	b	b	b	b	b	bbbbbbbb
EPI_ISL_708720	b	b	b	b	b	b	b	b	bbbbbbbb
EPI_ISL_710434	c	c	b	b	c	b	b	b	ccbbcbbb
EPI_ISL_710435	c	c	b	b	c	b	b	b	ccbbcbbb
EPI_ISL_710436	c	c	b	b	c	b	b	b	ccbbcbbb
EPI_ISL_710437	c	c	b	b	c	b	b	b	ccbbcbbb
EPI_ISL_710438	c	c	b	b	c	b	b	b	ccbbcbbb
EPI_ISL_710439	c	c	b	b	c	b	b	b	ccbbcbbb
EPI_ISL_710440	c	c	b	b	c	b	b	b	ccbbcbbb
EPI_ISL_710441	c	c	b	b	c	b	b	b	ccbbcbbb
EPI_ISL_710442	c	c	b	b	c	b	b	b	ccbbcbbb
EPI_ISL_710443	c	c	b	b	c	b	b	b	ccbbcbbb
EPI_ISL_710444	c	c	b	b	c	b	b	b	ccbbcbbb
EPI_ISL_710445	c	c	b	b	c	b	b	b	ccbbcbbb
EPI_ISL_710446	c	c	b	b	c	b	b	b	ccbbcbbb
EPI_ISL_710447	c	c	b	b	c	b	b	b	ccbbcbbb
EPI_ISL_710448	c	c	b	b	c	b	b	b	ccbbcbbb
EPI_ISL_710449	c	c	b	b	c	b	b	b	ccbbcbbb
EPI_ISL_710450	c	c	b	b	c	b	b	b	ccbbcbbb
EPI_ISL_710451	c	c	b	b	c	b	b	b	ccbbcbbb
EPI_ISL_710452	c	c	b	b	c	b	b	b	ccbbcbbb
EPI_ISL_710453	c	c	b	b	c	b	b	b	ccbbcbbb
EPI_ISL_710504	a	a	a	a	a	a	a	a	aaaaaaaa
EPI_ISL_710505	a	a	a	a	a	a	a	a	aaaaaaaa
EPI_ISL_710506	a	a	a	a	a	a	a	a	aaaaaaaa
EPI_ISL_710507	a	a	a	a	a	a	a	a	aaaaaaaa
EPI_ISL_710508	a	a	a	a	a	a	a	a	aaaaaaaa
EPI_ISL_710509	a	a	a	a	a	a	a	a	aaaaaaaa
EPI_ISL_710511	a	a	a	a	a	a	a	a	aaaaaaaa
EPI_ISL_710512	a	a	a	a	a	a	a	a	aaaaaaaa
EPI_ISL_710533	a	a	a	a	a	a	a	a	aaaaaaaa
EPI_ISL_710538	a	a	a	a	a	a	a	a	aaaaaaaa
EPI_ISL_710539	a	a	a	a	a	a	a	a	aaaaaaaa
EPI_ISL_711056	a	a	a	a	a	a	a	a	aaaaaaaa
EPI_ISL_711058	a	a	a	a	a	a	a	a	aaaaaaaa
EPI_ISL_718106	c	c	b	b	c	b	b	b	ccbbcbbb
EPI_ISL_718107	c	c	b	b	c	b	b	b	ccbbcbbb
EPI_ISL_718108	c	c	b	b	c	b	b	b	ccbbcbbb
EPI_ISL_718109	c	c	b	b	c	b	b	b	ccbbcbbb
EPI_ISL_718110	c	c	b	b	c	b	b	b	ccbbcbbb
EPI_ISL_718111	c	c	b	b	c	b	b	b	ccbbcbbb
EPI_ISL_718112	c	c	b	b	c	b	b	b	ccbbcbbb
EPI_ISL_718113	c	c	b	b	c	b	b	b	ccbbcbbb
EPI_ISL_718114	c	c	b	b	c	b	b	b	ccbbcbbb
EPI_ISL_718115	c	c	b	b	c	b	b	b	ccbbcbbb
EPI_ISL_718116	c	c	b	b	c	b	b	b	ccbbcbbb
EPI_ISL_718117	c	c	b	b	c	b	b	b	ccbbcbbb
EPI_ISL_718118	c	c	b	b	c	b	b	b	ccbbcbbb
EPI_ISL_718119	c	c	b	b	c	b	b	b	ccbbcbbb
EPI_ISL_718120	c	c	b	b	c	b	b	b	ccbbcbbb
EPI_ISL_718121	c	c	b	b	c	b	b	b	ccbbcbbb
EPI_ISL_718122	c	c	b	b	c	b	b	b	ccbbcbbb
EPI_ISL_718123	c	c	b	b	c	b	b	b	ccbbcbbb
EPI_ISL_718223	a	a	a	a	a	a	a	a	aaaaaaaa
EPI_ISL_732927	c	c	b	b	c	b	b	b	ccbbcbbb
EPI_ISL_732928	c	c	b	b	c	b	b	b	ccbbcbbb
EPI_ISL_732929	c	c	b	b	c	b	b	b	ccbbcbbb
EPI_ISL_732930	c	c	b	b	c	b	b	b	ccbbcbbb
EPI_ISL_732931	c	c	b	b	c	b	b	b	ccbbcbbb
EPI_ISL_732932	c	c	b	b	c	b	b	b	ccbbcbbb
EPI_ISL_732933	c	c	b	b	c	b	b	b	ccbbcbbb
EPI_ISL_732934	c	c	b	b	c	b	b	b	ccbbcbbb
EPI_ISL_732935	c	c	b	b	c	b	b	b	ccbbcbbb
EPI_ISL_732936	c	c	b	b	c	b	b	b	ccbbcbbb
EPI_ISL_732937	c	c	b	b	c	b	b	b	ccbbcbbb
EPI_ISL_732938	c	c	b	b	c	b	b	b	ccbbcbbb
EPI_ISL_732939	c	c	b	b	c	b	b	b	ccbbcbbb
EPI_ISL_732940	c	c	b	b	c	b	b	b	ccbbcbbb
EPI_ISL_732941	c	c	b	b	c	b	b	b	ccbbcbbb
EPI_ISL_732942	c	c	b	b	c	b	b	b	ccbbcbbb
EPI_ISL_732943	c	c	b	b	c	b	b	b	ccbbcbbb
EPI_ISL_732944	c	c	b	b	c	b	b	b	ccbbcbbb
EPI_ISL_732945	c	c	b	b	c	b	b	b	ccbbcbbb
EPI_ISL_732946	c	c	b	b	c	b	b	b	ccbbcbbb
EPI_ISL_7349517	a	a	a	a	a	a	a	a	aaaaaaaa
EPI_ISL_7379463	a	a	a	a	a	a	a	a	aaaaaaaa
EPI_ISL_7379464	a	a	a	a	a	a	a	a	aaaaaaaa
EPI_ISL_7379465	a	a	a	a	a	a	a	a	aaaaaaaa
EPI_ISL_7379509	a	a	a	a	a	a	a	a	aaaaaaaa
EPI_ISL_738049	c	c	b	b	c	b	b	b	ccbbcbbb
EPI_ISL_738050	c	c	b	b	c	b	b	b	ccbbcbbb
EPI_ISL_7380500	a	a	a	a	a	a	a	a	aaaaaaaa
EPI_ISL_738051	c	c	b	b	c	b	b	b	ccbbcbbb
EPI_ISL_738052	c	c	b	b	c	b	b	b	ccbbcbbb
EPI_ISL_738053	c	c	b	b	c	b	b	b	ccbbcbbb
EPI_ISL_738054	c	c	b	b	c	b	b	b	ccbbcbbb
EPI_ISL_738055	c	c	b	b	c	b	b	b	ccbbcbbb
EPI_ISL_738056	c	c	b	b	c	b	b	b	ccbbcbbb
EPI_ISL_738057	b	b	b	b	c	b	b	b	bbbbcbbb
EPI_ISL_738058	b	b	b	b	c	b	b	b	bbbbcbbb
EPI_ISL_738059	b	b	b	b	c	b	b	b	bbbbcbbb
EPI_ISL_738060	b	b	b	b	c	b	b	b	bbbbcbbb
EPI_ISL_7380623	a	a	a	a	a	a	a	a	aaaaaaaa
EPI_ISL_7380813	a	a	a	a	a	a	a	a	aaaaaaaa
EPI_ISL_7381026	a	a	a	a	a	a	a	a	aaaaaaaa
EPI_ISL_7381065	a	a	a	a	a	a	a	a	aaaaaaaa
EPI_ISL_7381103	a	a	a	a	a	a	a	a	aaaaaaaa
EPI_ISL_7381115	a	a	a	a	a	a	a	a	aaaaaaaa
EPI_ISL_7381183	a	a	a	a	a	a	a	a	aaaaaaaa
EPI_ISL_7381397	a	a	a	a	a	a	a	a	aaaaaaaa
EPI_ISL_7381423	a	a	a	a	a	a	a	a	aaaaaaaa
EPI_ISL_7381438	a	a	a	a	a	a	a	a	aaaaaaaa
EPI_ISL_7381448	a	a	a	a	a	a	a	f	aaaaaaaf
EPI_ISL_7381695	a	a	a	a	a	a	a	a	aaaaaaaa
EPI_ISL_739684	a	a	a	a	a	a	a	a	aaaaaaaa
EPI_ISL_739685	a	a	a	a	a	a	a	a	aaaaaaaa
EPI_ISL_739686	a	a	a	a	a	a	a	a	aaaaaaaa
EPI_ISL_739687	a	a	a	a	a	a	a	a	aaaaaaaa
EPI_ISL_739688	a	a	a	a	a	a	a	a	aaaaaaaa
EPI_ISL_739689	a	a	a	a	a	a	a	a	aaaaaaaa
EPI_ISL_739690	e	c	e	a	b	d	a	a	eceabdaa
EPI_ISL_739691	e	c	e	a	b	d	a	a	eceabdaa
EPI_ISL_739692	e	c	e	a	b	d	a	a	eceabdaa
EPI_ISL_7458702	a	a	a	a	a	a	a	a	aaaaaaaa
EPI_ISL_7585764	a	a	a	a	a	a	a	a	aaaaaaaa
EPI_ISL_7589566	a	a	a	a	a	a	a	a	aaaaaaaa
EPI_ISL_7590312	a	a	a	a	a	a	a	a	aaaaaaaa
EPI_ISL_7591058	a	a	a	a	a	a	a	a	aaaaaaaa
EPI_ISL_7596571	a	a	a	a	a	a	a	a	aaaaaaaa
EPI_ISL_7597827	a	a	a	a	a	a	a	a	aaaaaaaa
EPI_ISL_759850	b	b	b	b	c	b	b	b	bbbbcbbb
EPI_ISL_759851	b	b	b	b	c	b	b	b	bbbbcbbb
EPI_ISL_759852	b	b	b	b	c	b	b	b	bbbbcbbb
EPI_ISL_759853	b	b	b	b	c	b	b	b	bbbbcbbb
EPI_ISL_759854	c	c	b	b	c	b	b	b	ccbbcbbb
EPI_ISL_759855	c	c	b	b	c	b	b	b	ccbbcbbb
EPI_ISL_759856	c	c	b	b	c	b	b	b	ccbbcbbb
EPI_ISL_759857	c	c	b	b	c	b	b	b	ccbbcbbb
EPI_ISL_7598788	a	a	a	a	a	a	a	a	aaaaaaaa
EPI_ISL_7622619	a	a	a	a	a	a	a	a	aaaaaaaa
EPI_ISL_7622862	a	a	a	a	a	a	a	a	aaaaaaaa
EPI_ISL_7623043	a	a	a	a	a	a	a	a	aaaaaaaa
EPI_ISL_7623299	a	a	a	a	a	a	a	a	aaaaaaaa
EPI_ISL_7623303	a	a	a	a	a	a	a	a	aaaaaaaa
EPI_ISL_7623511	a	a	a	a	a	a	a	a	aaaaaaaa
EPI_ISL_7623789	a	a	a	a	a	a	a	a	aaaaaaaa
EPI_ISL_7624142	a	a	a	a	a	a	a	a	aaaaaaaa
EPI_ISL_766052	a	a	a	a	a	a	a	a	aaaaaaaa
EPI_ISL_766053	a	a	a	a	a	a	a	a	aaaaaaaa
EPI_ISL_766054	a	a	a	a	a	a	a	a	aaaaaaaa
EPI_ISL_766056	a	a	a	a	a	a	a	a	aaaaaaaa
EPI_ISL_775248	a	a	a	a	a	a	a	a	aaaaaaaa
EPI_ISL_775251	a	a	a	a	a	a	a	a	aaaaaaaa
EPI_ISL_775253	a	a	a	a	a	a	a	a	aaaaaaaa
EPI_ISL_775266	a	a	a	a	a	a	a	a	aaaaaaaa
EPI_ISL_775267	a	a	a	a	a	f	a	a	aaaaafaa
EPI_ISL_7778753	a	a	a	a	a	a	a	a	aaaaaaaa
EPI_ISL_7778757	a	a	a	a	a	a	a	a	aaaaaaaa
EPI_ISL_7778758	a	a	a	a	a	a	a	a	aaaaaaaa
EPI_ISL_7778759	a	a	a	a	a	a	a	a	aaaaaaaa
EPI_ISL_7778760	a	a	a	a	a	a	a	a	aaaaaaaa
EPI_ISL_7778761	a	a	a	a	a	a	a	a	aaaaaaaa
EPI_ISL_7778762	a	a	a	a	a	a	a	a	aaaaaaaa
EPI_ISL_7778764	a	a	a	a	a	a	a	a	aaaaaaaa
EPI_ISL_7778767	a	a	a	a	a	a	a	a	aaaaaaaa
EPI_ISL_7778769	a	a	a	a	a	a	a	a	aaaaaaaa
EPI_ISL_7778770	a	a	a	a	a	a	a	a	aaaaaaaa
EPI_ISL_7778771	a	a	a	a	a	a	a	a	aaaaaaaa
EPI_ISL_7778776	a	a	a	a	a	a	a	a	aaaaaaaa
EPI_ISL_7778777	a	a	a	a	a	a	a	a	aaaaaaaa
EPI_ISL_7778778	a	a	a	a	a	a	a	a	aaaaaaaa
EPI_ISL_7778779	a	a	a	a	a	a	a	a	aaaaaaaa
EPI_ISL_779129	a	a	a	a	a	a	a	a	aaaaaaaa
EPI_ISL_780096	b	b	b	b	b	b	b	b	bbbbbbbb
EPI_ISL_796011	b	b	b	b	b	b	b	b	bbbbbbbb
EPI_ISL_804043	b	b	b	b	b	b	b	b	bbbbbbbb
EPI_ISL_804045	b	b	b	b	b	b	b	b	bbbbbbbb
EPI_ISL_804047	b	b	b	b	b	b	b	b	bbbbbbbb
EPI_ISL_808250	b	b	b	b	b	b	b	b	bbbbbbbb
EPI_ISL_809658	b	b	b	b	b	b	b	b	bbbbbbbb
EPI_ISL_810963	b	b	b	b	b	b	b	b	bbbbbbbb
EPI_ISL_810970	b	b	b	b	b	b	b	b	bbbbbbbb
EPI_ISL_811128	b	b	b	b	b	b	b	b	bbbbbbbb
EPI_ISL_811134	b	b	b	b	b	b	b	b	bbbbbbbb
EPI_ISL_811135	b	b	b	b	b	b	b	b	bbbbbbbb
EPI_ISL_811144	b	b	b	b	b	b	b	b	bbbbbbbb
EPI_ISL_811146	b	b	b	b	b	b	b	b	bbbbbbbb
EPI_ISL_813599	b	b	b	b	b	b	b	b	bbbbbbbb
EPI_ISL_813971	b	b	b	b	b	b	b	b	bbbbbbbb
EPI_ISL_813972	b	b	b	b	b	b	b	b	bbbbbbbb
EPI_ISL_813979	a	a	a	a	a	a	a	a	aaaaaaaa
EPI_ISL_8215653	a	a	a	a	a	a	a	a	aaaaaaaa
EPI_ISL_8215654	a	a	a	a	a	a	a	a	aaaaaaaa
EPI_ISL_8215655	a	a	a	a	a	a	a	a	aaaaaaaa
EPI_ISL_8215656	a	a	a	a	a	a	a	a	aaaaaaaa
EPI_ISL_8215657	a	a	a	a	a	a	a	a	aaaaaaaa
EPI_ISL_8215658	a	a	a	a	a	a	a	a	aaaaaaaa
EPI_ISL_8215659	a	a	a	a	a	a	a	a	aaaaaaaa
EPI_ISL_8215660	a	a	a	a	a	a	a	a	aaaaaaaa
EPI_ISL_8215661	a	a	a	a	a	a	a	a	aaaaaaaa
EPI_ISL_8215662	a	a	a	a	a	a	a	a	aaaaaaaa
EPI_ISL_8215663	a	a	a	a	a	a	a	a	aaaaaaaa
EPI_ISL_8215684	a	a	a	a	a	a	a	a	aaaaaaaa
EPI_ISL_8215685	a	a	a	a	a	a	a	a	aaaaaaaa
EPI_ISL_8215686	a	a	a	a	a	a	a	a	aaaaaaaa
EPI_ISL_8215687	a	a	a	a	a	a	a	a	aaaaaaaa
EPI_ISL_826283	a	a	a	a	a	a	a	a	aaaaaaaa
EPI_ISL_826285	a	a	a	a	a	a	a	a	aaaaaaaa
EPI_ISL_826296	a	a	a	a	a	a	a	a	aaaaaaaa
EPI_ISL_826457	a	a	a	a	a	a	a	a	aaaaaaaa
EPI_ISL_832205	a	a	a	a	a	a	a	a	aaaaaaaa
EPI_ISL_832206	a	a	a	a	a	a	a	a	aaaaaaaa
EPI_ISL_833482	b	b	b	b	b	b	b	b	bbbbbbbb
EPI_ISL_833485	b	b	b	b	b	b	b	b	bbbbbbbb
EPI_ISL_833487	b	b	b	b	b	b	b	b	bbbbbbbb
EPI_ISL_833488	b	b	b	b	b	b	b	b	bbbbbbbb
EPI_ISL_833579	b	b	b	b	b	b	b	b	bbbbbbbb
EPI_ISL_833580	b	b	b	b	b	b	b	b	bbbbbbbb
EPI_ISL_833581	b	b	b	b	b	b	b	b	bbbbbbbb
EPI_ISL_833582	b	b	b	b	b	b	b	b	bbbbbbbb
EPI_ISL_833583	b	b	b	b	b	b	b	b	bbbbbbbb
EPI_ISL_846583	b	b	b	b	b	b	b	b	bbbbbbbb
EPI_ISL_846584	b	b	b	b	b	b	b	b	bbbbbbbb
EPI_ISL_846585	b	b	b	b	b	b	b	b	bbbbbbbb
EPI_ISL_846586	b	b	b	b	b	b	b	b	bbbbbbbb
EPI_ISL_846601	a	a	a	a	a	a	a	a	aaaaaaaa
EPI_ISL_846602	a	a	a	a	a	a	a	a	aaaaaaaa
EPI_ISL_846603	a	a	a	a	a	a	a	a	aaaaaaaa
EPI_ISL_846604	a	a	a	a	a	a	a	a	aaaaaaaa
EPI_ISL_846623	a	a	a	a	a	a	a	a	aaaaaaaa
EPI_ISL_846624	a	a	a	a	a	a	a	a	aaaaaaaa
EPI_ISL_854595	b	b	b	b	c	b	b	b	bbbbcbbb
EPI_ISL_854596	b	b	b	b	c	b	b	b	bbbbcbbb
EPI_ISL_854597	b	b	b	b	c	b	b	b	bbbbcbbb
EPI_ISL_854598	b	b	b	b	c	b	b	b	bbbbcbbb
EPI_ISL_854599	b	b	b	b	c	b	b	b	bbbbcbbb
EPI_ISL_854600	b	b	b	b	c	b	b	b	bbbbcbbb
EPI_ISL_854601	b	b	b	b	c	b	b	b	bbbbcbbb
EPI_ISL_854602	b	b	b	b	c	b	b	b	bbbbcbbb
EPI_ISL_854603	b	b	b	b	c	b	b	b	bbbbcbbb
EPI_ISL_854604	b	b	b	b	c	b	b	b	bbbbcbbb
EPI_ISL_854605	c	c	b	b	c	b	b	b	ccbbcbbb
EPI_ISL_854606	c	c	b	b	c	b	b	b	ccbbcbbb
EPI_ISL_854607	c	c	b	b	c	b	b	b	ccbbcbbb
EPI_ISL_854608	c	c	b	b	c	b	b	b	ccbbcbbb
EPI_ISL_854609	c	c	b	b	c	b	b	b	ccbbcbbb
EPI_ISL_854610	c	c	b	b	c	b	b	b	ccbbcbbb
EPI_ISL_854611	c	c	b	b	c	b	b	b	ccbbcbbb
EPI_ISL_854612	c	c	b	b	c	b	b	b	ccbbcbbb
EPI_ISL_8650948	a	a	a	a	a	a	a	a	aaaaaaaa
EPI_ISL_9250718	a	a	a	a	a	a	a	a	aaaaaaaa
EPI_ISL_956368	a	a	a	a	a	a	a	a	aaaaaaaa
EPI_ISL_956411	a	a	a	a	a	a	a	a	aaaaaaaa
EPI_ISL_956414	a	a	a	a	a	a	a	a	aaaaaaaa
EPI_ISL_9594306	b	f	b	b	h	b	b	g	bfbbhbbg
EPI_ISL_977513	a	a	a	a	a	a	a	a	aaaaaaaa
EPI_ISL_977582	a	a	a	a	a	a	a	a	aaaaaaaa
EPI_ISL_977595	a	a	a	a	a	a	a	a	aaaaaaaa
EPI_ISL_977599	a	a	a	a	a	a	a	a	aaaaaaaa
EPI_ISL_978890	a	a	a	a	a	a	a	a	aaaaaaaa
EPI_ISL_978891	a	a	a	a	a	a	a	a	aaaaaaaa
EPI_ISL_978892	a	a	a	a	a	a	a	a	aaaaaaaa
EPI_ISL_978893	a	a	a	a	a	a	a	a	aaaaaaaa
EPI_ISL_978894	a	a	a	a	a	a	a	a	aaaaaaaa
EPI_ISL_978895	a	a	a	a	a	a	a	a	aaaaaaaa
EPI_ISL_978896	a	a	a	a	a	a	a	a	aaaaaaaa
EPI_ISL_978897	a	a	a	a	a	a	a	a	aaaaaaaa
EPI_ISL_978898	b	b	b	b	c	b	b	b	bbbbcbbb
EPI_ISL_978899	b	b	b	b	c	b	b	b	bbbbcbbb
EPI_ISL_978900	b	b	b	b	c	b	b	b	bbbbcbbb
EPI_ISL_978901	b	b	b	b	c	b	b	b	bbbbcbbb
EPI_ISL_978902	a	a	a	a	a	a	a	a	aaaaaaaa
EPI_ISL_978903	a	a	a	a	a	a	a	a	aaaaaaaa
EPI_ISL_978904	a	a	a	a	a	a	a	a	aaaaaaaa
EPI_ISL_978905	a	a	a	a	a	a	a	a	aaaaaaaa
EPI_ISL_978906	c	c	b	b	c	b	b	b	ccbbcbbb
EPI_ISL_978907	c	c	b	b	c	b	b	b	ccbbcbbb
EPI_ISL_978908	c	c	b	b	c	b	b	b	ccbbcbbb
EPI_ISL_978909	c	c	b	b	c	b	b	b	ccbbcbbb
EPI_ISL_978910	a	a	a	a	a	a	a	a	aaaaaaaa
EPI_ISL_978911	a	a	a	a	a	a	a	a	aaaaaaaa
EPI_ISL_978912	a	a	a	a	a	a	a	a	aaaaaaaa
EPI_ISL_978913	a	a	a	a	a	a	a	a	aaaaaaaa
EPI_ISL_978914	a	a	a	a	a	a	a	a	aaaaaaaa
EPI_ISL_978915	a	a	a	a	a	a	a	a	aaaaaaaa
EPI_ISL_978916	a	a	a	a	a	a	a	a	aaaaaaaa
EPI_ISL_980839	a	a	a	a	a	a	a	a	aaaaaaaa
EPI_ISL_984670	a	a	a	a	a	a	a	a	aaaaaaaa
EPI_ISL_984673	a	a	a	a	a	a	a	a	aaaaaaaa
EPI_ISL_984675	a	a	a	a	a	a	a	a	aaaaaaaa
EPI_ISL_984680	a	a	a	a	a	a	a	a	aaaaaaaa
EPI_ISL_984681	a	a	a	a	a	a	a	a	aaaaaaaa
EPI_ISL_984684	a	a	a	a	a	a	a	a	aaaaaaaa
EPI_ISL_984686	a	a	a	a	a	a	a	a	aaaaaaaa
EPI_ISL_984688	a	a	a	a	a	a	a	a	aaaaaaaa
EPI_ISL_984690	a	a	a	a	a	a	a	a	aaaaaaaa
EPI_ISL_984691	a	a	a	a	a	a	a	a	aaaaaaaa
EPI_ISL_984692	a	a	a	a	a	a	a	a	aaaaaaaa
EPI_ISL_984693	a	a	a	a	a	a	a	a	aaaaaaaa
EPI_ISL_984694	a	a	a	a	a	a	a	a	aaaaaaaa
EPI_ISL_984695	a	a	a	a	a	a	a	a	aaaaaaaa
EPI_ISL_985179	b	b	b	b	b	b	b	b	bbbbbbbb
EPI_ISL_985180	b	b	b	b	b	b	b	b	bbbbbbbb
EPI_ISL_985181	d	c	c	b	c	b	b	c	dccbcbbc
EPI_ISL_985182	d	c	c	b	c	b	b	c	dccbcbbc
EPI_ISL_985183	c	c	b	b	c	b	b	b	ccbbcbbb
EPI_ISL_985184	a	a	a	a	a	a	a	a	aaaaaaaa
EPI_ISL_985185	d	c	c	b	c	b	b	c	dccbcbbc
EPI_ISL_985186	b	b	b	b	b	b	b	b	bbbbbbbb
EPI_ISL_985187	a	a	a	a	a	a	a	a	aaaaaaaa
EPI_ISL_985188	c	c	b	b	c	b	b	b	ccbbcbbb
EPI_ISL_985189	d	b	c	b	c	b	b	b	dbcbcbbb
EPI_ISL_985190	d	e	b	b	c	b	b	b	debbcbbb
EPI_ISL_985191	a	a	a	a	a	a	a	a	aaaaaaaa
EPI_ISL_985192	c	c	b	b	c	b	b	b	ccbbcbbb
EPI_ISL_985193	b	b	b	b	b	b	b	b	bbbbbbbb
EPI_ISL_985194	a	a	a	a	a	a	a	a	aaaaaaaa
EPI_ISL_985195	d	c	c	b	c	b	b	c	dccbcbbc
EPI_ISL_985196	a	a	a	a	a	a	a	a	aaaaaaaa
EPI_ISL_985197	a	a	a	a	a	a	a	a	aaaaaaaa
EPI_ISL_985198	d	c	c	b	c	b	b	c	dccbcbbc
EPI_ISL_985199	a	a	a	a	a	a	a	a	aaaaaaaa
EPI_ISL_985200	d	c	c	b	c	b	b	c	dccbcbbc
EPI_ISL_985201	c	c	b	b	c	b	b	b	ccbbcbbb
EPI_ISL_985202	c	c	b	b	c	b	b	b	ccbbcbbb
EPI_ISL_985203	c	c	b	b	c	b	b	b	ccbbcbbb
EPI_ISL_985204	b	b	b	b	c	b	b	b	bbbbcbbb
EPI_ISL_985205	a	a	a	a	a	a	a	a	aaaaaaaa
EPI_ISL_985206	a	a	a	a	a	a	a	a	aaaaaaaa
EPI_ISL_985207	a	a	a	a	a	a	a	a	aaaaaaaa
EPI_ISL_985208	d	c	c	b	c	b	b	c	dccbcbbc
EPI_ISL_985209	d	c	c	b	c	b	b	c	dccbcbbc
EPI_ISL_985210	d	c	c	b	c	b	b	c	dccbcbbc
EPI_ISL_985211	a	a	a	a	a	a	a	a	aaaaaaaa
EPI_ISL_985220	a	a	a	a	a	a	a	a	aaaaaaaa
EPI_ISL_985221	a	a	a	a	a	a	a	a	aaaaaaaa
EPI_ISL_985222	a	a	a	a	a	a	a	a	aaaaaaaa
EPI_ISL_985223	a	a	a	a	a	a	a	a	aaaaaaaa
EPI_ISL_985224	a	a	a	a	a	a	a	a	aaaaaaaa
EPI_ISL_985225	a	a	a	a	a	a	a	a	aaaaaaaa
EPI_ISL_985226	a	a	a	a	a	a	a	a	aaaaaaaa
EPI_ISL_985227	a	a	a	a	a	a	a	a	aaaaaaaa
EPI_ISL_985228	a	a	a	a	a	a	a	a	aaaaaaaa
EPI_ISL_985229	a	a	a	a	a	a	a	a	aaaaaaaa
EPI_ISL_985230	a	a	a	a	a	a	a	a	aaaaaaaa
EPI_ISL_985231	a	a	a	a	a	a	a	a	aaaaaaaa
EPI_ISL_985232	b	b	b	b	c	b	b	b	bbbbcbbb
EPI_ISL_985233	b	b	b	b	c	b	b	b	bbbbcbbb
EPI_ISL_995172	a	a	a	a	a	a	a	a	aaaaaaaa
EPI_ISL_996003	a	a	a	a	a	a	a	a	aaaaaaaa
